0,0.716488,0.238115,1.22709,0.737163,0.911112,1.05648,1.50106,0.375222,0.507176,0.110024,1.28518,0.49612,0.19115,0.533759,0.0892701,1.23295,0.456798,0.814045,0.198498,1.21001,1.33405,0.723927,0.424187,1.0419,0.713053,1.37953,0.263641,0.86931,0.583055,0.244932,1.01832,1.32806,1.17336,0.11734,0.382638,0.830423,0.550469,0.988748,1.1221,0.921287,0.470783,0.875168,0.243457,0.373693,0.195841,0.800284,0.151629,0.966989,0.19287,0.273352,0.60698,0.0371897,0.00794596,0.696132,0.0842376,0.022525,1.26562,0.277175,0.63765,1.05386,0.230906,1.04073,0.911542,0.566991,0.0329554,1.04136,0.243132,1.2298,0.724503,0.231025,0.976123,0.0548653,0.257414,1.27661,0.981754,0.534338,0.437739,0.529728,0.67024,0.13409,1.38716,0.442082,0.383498,0.632979,0.485904,0.384871,0.524182,0.321722,0.963155,0.20123,1.38584,1.1372,0.774803,0.736838,1.18685,1.01602,0.56886,0.12784,0.070939,
0.716488,0,0.284881,0.246631,0.0130619,0.845132,0.7691,0.307642,0.661799,0.0585026,0.370965,0.437326,0.0241406,0.304809,0.0210558,0.326361,0.174463,0.0837387,0.0120127,0.494335,0.418484,1.0358,0.295511,0.0682944,0.277535,0.27407,0.210635,0.186326,0.0552111,0.425521,0.178333,0.355009,0.377158,0.419182,0.464782,0.192645,0.10126,0.0129642,0.629793,0.17571,0.0281339,0.108202,0.0950924,0.412165,0.0640565,0.527406,0.0353626,0.246097,0.384224,0.254532,0.419264,0.283601,0.617526,0.585591,0.0124781,0.528875,0.504365,0.106712,0.479404,0.0566674,0.202994,0.570504,0.492706,0.858926,0.0119648,0.471053,0.0473469,0.277673,0.144784,0.0453209,0.149165,0.109334,0.617136,0.383744,0.12934,0.064572,0.0165012,0.116228,0.0176892,0.00482918,0.375399,0.177589,0.0539064,0.193863,0.0187752,0.143396,0.159134,0.21303,0.137708,0.0496202,0.514475,0.146409,0.84337,0.00172178,0.0865231,0.0939614,0.154307,0.0137182,0.452191,0.541985,
0.238115,0.284881,0,0.457174,0.366878,0.373928,0.419289,1.08683,0.112936,0.0962871,0.0257269,0.487742,0.183485,0.00279906,0.230597,0.0682124,0.486775,0.0679346,0.397572,0.446856,0.436627,0.655173,0.149915,0.0769299,0.325564,0.143211,0.602375,0.0129642,0.521941,0.108769,0.020714,0.312821,0.517144,0.413055,0.0321731,0.365396,0.574657,0.198952,0.344806,0.396602,0.47825,0.0595781,0.588561,0.432636,0.11302,0.0411575,0.246875,0.142567,0.285794,0.00797413,0.0197804,0.096583,0.111938,0.182197,0.217903,0.327007,0.131913,0.688818,0.0348502,0.142932,0.809816,0.0567174,0.343015,0.379095,0.185581,0.106772,0.435095,5.46204e-05,0.502879,0.19334,0.0888472,0.315741,0.340521,0.424071,0.75857,0.58142,0.176465,0.0487029,0.171594,0.295831,0.015978,0.859471,0.094429,0.367514,0.178971,0.398617,0.0260599,0.504084,0.234512,0.544408,0.0375005,0.723789,0.484593,0.328709,0.176507,0.516025,0.32655,0.17662,0.330074,0.0669143,
1.22709,0.246631,0.457174,0,0.350621,0.428659,0.305992,0.653883,0.59098,0.221239,0.670328,0.0406057,0.354223,0.521607,0.381051,0.7438,0.014724,0.244368,0.308398,1.24275,0.0437311,0.428649,0.129581,0.290338,0.0239391,0.125073,0.0324368,0.415846,0.446222,0.27075,0.446397,0.0566106,0.0164442,0.050457,0.701732,0.812288,0.584949,0.311644,0.226776,0.00636117,0.312166,0.223597,0.552631,1.14346,0.401206,0.645372,0.10469,0.758581,0.0841002,0.511309,0.489668,0.179472,0.9627,1.0918,0.173087,1.20427,0.973309,0.259857,0.527266,0.141366,0.715659,0.642437,0.120544,0.440372,0.27225,0.912809,0.115718,0.449196,0.0330787,0.114107,0.5556,0.0305973,1.28659,1.10545,0.359574,0.409933,0.297399,0.247663,0.295726,0.317677,0.629485,0.400313,0.291572,0.814883,0.18885,0.728178,0.287909,0.865479,0.667365,0.370712,0.629542,0.187471,0.335645,0.246359,0.0878278,0.0858005,0.0155737,0.257174,1.13433,0.831989,
0.737163,0.0130619,0.366878,0.350621,0,1.03485,0.956711,0.228164,0.80383,0.114321,0.432026,0.58001,0.0352594,0.379473,0.0206328,0.356682,0.253168,0.145187,0.00301401,0.428727,0.561748,1.24191,0.424525,0.115886,0.40085,0.399112,0.281635,0.248742,0.0165058,0.566799,0.231925,0.493988,0.505113,0.564175,0.543741,0.139285,0.0420036,0.0273784,0.804784,0.267125,0.0129934,0.181015,0.0386858,0.345532,0.0851734,0.632426,0.0891971,0.24364,0.528891,0.317333,0.528005,0.406404,0.677506,0.604274,0.0507924,0.493985,0.530232,0.0969188,0.594993,0.121578,0.117484,0.685532,0.652084,1.04943,0.0351939,0.502666,0.0797006,0.359286,0.210286,0.106392,0.166217,0.188405,0.588176,0.317889,0.0982108,0.0280906,0.0372397,0.187882,0.0396401,0.00436427,0.446544,0.139315,0.0953918,0.140077,0.0604119,0.0890931,0.237124,0.138323,0.113101,0.0210885,0.619543,0.156588,1.03703,0.0100403,0.165413,0.134541,0.246742,0.0413416,0.410076,0.61233,
0.911112,0.845132,0.373928,0.428659,1.03485,0,0.0174763,1.77791,0.13749,0.52645,0.523029,0.249166,0.818633,0.421702,0.905383,0.71287,0.576133,0.486203,1.02364,1.46367,0.221032,0.0558172,0.162711,0.568387,0.266091,0.179303,0.676076,0.476239,1.2575,0.0972613,0.529755,0.183013,0.336857,0.201195,0.437824,1.30311,1.40833,0.803731,0.0351115,0.464245,1.09621,0.420532,1.3963,1.44883,0.737884,0.300149,0.596663,0.92147,0.1437,0.484286,0.249784,0.174724,0.610093,0.875703,0.671421,1.23987,0.797869,1.16693,0.226838,0.492253,1.67878,0.255785,0.101006,8.95032e-05,0.746294,0.747645,0.803255,0.374896,0.654865,0.533724,0.767095,0.490849,1.22677,1.43553,1.32521,1.27096,0.757919,0.424247,0.748995,0.929881,0.460655,1.41793,0.608871,1.30671,0.636853,1.31354,0.385448,1.48979,1.06999,1.20621,0.295997,1.07162,0.0227135,0.891528,0.429716,0.797232,0.425173,0.717113,1.26958,0.516827,
1.05648,0.7691,0.419289,0.305992,0.956711,0.0174763,0,1.61477,0.215844,0.494293,0.601428,0.145236,0.782355,0.477509,0.8622,0.787584,0.441548,0.466108,0.932762,1.54242,0.126793,0.0313916,0.130574,0.551135,0.178828,0.145784,0.522366,0.50277,1.16307,0.107332,0.558023,0.111138,0.216869,0.113136,0.52892,1.30835,1.32649,0.75696,0.00846625,0.348394,0.989844,0.401906,1.30625,1.50831,0.727754,0.387901,0.512817,0.973622,0.0846174,0.532309,0.309277,0.160011,0.735964,1.00088,0.601103,1.34311,0.909108,1.01523,0.29451,0.438528,1.57416,0.344184,0.045711,0.0194978,0.696852,0.852497,0.680919,0.418384,0.516233,0.463965,0.792642,0.38923,1.34769,1.48865,1.17448,1.1594,0.714457,0.412198,0.706491,0.861865,0.53595,1.25577,0.586462,1.31198,0.577925,1.29466,0.38843,1.47416,1.07801,1.09573,0.381001,0.906267,0.00275741,0.806026,0.364251,0.657808,0.32375,0.667714,1.35444,0.626492,
1.50106,0.307642,1.08683,0.653883,0.228164,1.77791,1.61477,0,1.65806,0.612471,1.17858,0.975243,0.431954,1.10802,0.373257,1.0361,0.484657,0.683664,0.204417,0.868681,0.990126,1.85688,1.02641,0.635692,0.838999,0.993533,0.433559,0.896266,0.132319,1.28346,0.866905,0.991315,0.837167,1.01362,1.34286,0.471181,0.137156,0.404379,1.44275,0.579069,0.153329,0.742699,0.118437,0.748627,0.568001,1.46425,0.442703,0.806748,1.06778,1.00996,1.31423,1.04669,1.49641,1.33826,0.413911,1.06215,1.26018,0.102211,1.40488,0.579264,0.0663345,1.53079,1.20788,1.79633,0.424241,1.2352,0.274584,1.07484,0.408516,0.513131,0.720348,0.529366,1.19804,0.711532,0.0539875,0.0981784,0.436605,0.763653,0.444083,0.290723,1.2054,0.035553,0.590704,0.470813,0.461448,0.362658,0.858906,0.359583,0.529114,0.11529,1.44682,0.157635,1.68353,0.267076,0.613474,0.288057,0.606775,0.439729,0.928932,1.4264,
0.375222,0.661799,0.112936,0.59098,0.80383,0.13749,0.215844,1.65806,0,0.344076,0.158928,0.486825,0.544916,0.125204,0.622556,0.283863,0.698571,0.292954,0.830097,0.855673,0.434121,0.360351,0.180072,0.336475,0.394083,0.187337,0.832989,0.198111,1.01783,0.0689227,0.22753,0.323707,0.568644,0.403924,0.100428,0.831007,1.10545,0.558809,0.20107,0.570843,0.928275,0.252567,1.11699,0.866921,0.433096,0.0373464,0.52389,0.459586,0.272735,0.170932,0.0386549,0.136857,0.18256,0.356631,0.53061,0.647211,0.310178,1.12905,0.0229952,0.378014,1.39225,0.020876,0.273236,0.137456,0.525857,0.280258,0.775581,0.115992,0.753038,0.445891,0.388511,0.526122,0.62314,0.86438,1.24452,1.07697,0.51943,0.240343,0.511098,0.700646,0.125746,1.35763,0.373123,0.833891,0.4782,0.88518,0.188764,1.02439,0.641539,1.02359,0.037094,1.11469,0.253789,0.720196,0.377521,0.834944,0.496801,0.506173,0.689006,0.133665,
0.507176,0.0585026,0.0962871,0.221239,0.114321,0.52645,0.494293,0.612471,0.344076,0,0.176268,0.331394,0.0390926,0.115343,0.0618629,0.183068,0.201595,0.00254487,0.121959,0.494853,0.300182,0.742105,0.125585,0.00500788,0.180998,0.111764,0.272272,0.0494522,0.215284,0.187861,0.0529605,0.216711,0.312429,0.290968,0.228132,0.258993,0.278442,0.0351035,0.384432,0.161292,0.165808,0.0079209,0.277481,0.436434,0.0331356,0.254902,0.0404688,0.179316,0.222309,0.0921985,0.173633,0.102716,0.37008,0.402356,0.0254704,0.453545,0.325998,0.289786,0.21395,0.00947818,0.447859,0.282065,0.304278,0.536849,0.0236661,0.29116,0.130765,0.0918316,0.19683,0.022806,0.083073,0.0968552,0.512395,0.414147,0.344235,0.241389,0.0250403,0.010053,0.023244,0.0747666,0.16885,0.417164,0.00599575,0.260846,0.013316,0.239262,0.0257882,0.336847,0.156252,0.212841,0.245056,0.314984,0.562555,0.0786516,0.0317584,0.185027,0.121269,0.0186156,0.409157,0.297204,
0.110024,0.370965,0.0257269,0.670328,0.432026,0.523029,0.601428,1.17858,0.158928,0.176268,0,0.716449,0.228113,0.0116223,0.271942,0.019008,0.68948,0.14084,0.479039,0.309078,0.656139,0.860783,0.29465,0.134752,0.520388,0.285809,0.817434,0.0401687,0.580777,0.222213,0.0383879,0.506137,0.748866,0.627913,0.00961229,0.311716,0.602808,0.256974,0.524874,0.591789,0.569804,0.141062,0.627423,0.313155,0.14035,0.0449876,0.376782,0.0869398,0.471358,0.0140755,0.0550762,0.218403,0.0379617,0.0724491,0.320567,0.191872,0.0423805,0.83048,0.0680546,0.252506,0.837647,0.0687653,0.537855,0.526963,0.254053,0.0286738,0.584547,0.02731,0.697956,0.315554,0.0769724,0.485751,0.193005,0.311631,0.880449,0.659364,0.236762,0.122593,0.232004,0.361962,0.00225697,0.986517,0.152008,0.313435,0.273181,0.368202,0.0905414,0.452454,0.203392,0.628267,0.0441118,0.896765,0.674608,0.420078,0.310182,0.689863,0.508192,0.24893,0.206894,0.0182382,
1.28518,0.437326,0.487742,0.0406057,0.58001,0.249166,0.145236,0.975243,0.486825,0.331394,0.716449,0,0.536166,0.558871,0.582349,0.841511,0.103271,0.340749,0.534751,1.46823,0.00178079,0.215923,0.106366,0.408464,0.0240436,0.110245,0.133644,0.48991,0.71412,0.206558,0.534149,0.0219764,0.00765847,0.00437307,0.708801,1.06562,0.876491,0.492157,0.100649,0.0711793,0.549892,0.300113,0.842394,1.38293,0.558048,0.60784,0.23224,0.918838,0.0350498,0.573164,0.463581,0.162681,0.975543,1.17025,0.323095,1.37426,1.05201,0.492618,0.483121,0.243042,1.04242,0.585488,0.0379406,0.257919,0.440175,0.987542,0.283622,0.48148,0.145376,0.226451,0.701988,0.117097,1.43496,1.34798,0.622152,0.677607,0.46724,0.323608,0.463396,0.526448,0.660682,0.671731,0.42152,1.06873,0.330552,0.993354,0.346613,1.154,0.881902,0.627561,0.59383,0.389461,0.159185,0.446281,0.168282,0.240817,0.0775144,0.418283,1.32694,0.840263,
0.49612,0.0241406,0.183485,0.354223,0.0352594,0.818633,0.782355,0.431954,0.544916,0.0390926,0.228113,0.536166,0,0.189907,0.00306781,0.180549,0.289252,0.0515118,0.0505718,0.331229,0.504871,1.07068,0.298575,0.0293741,0.346496,0.277301,0.34871,0.100755,0.093992,0.383806,0.0886561,0.410864,0.490725,0.498342,0.313138,0.111257,0.122323,0.00192837,0.646892,0.269992,0.0851032,0.0772234,0.12654,0.26955,0.0111789,0.387096,0.0781587,0.118818,0.42652,0.14511,0.310463,0.263673,0.425058,0.38493,0.0348878,0.342839,0.319266,0.223129,0.364032,0.0653924,0.250614,0.432859,0.537055,0.830699,0.00585672,0.293695,0.133683,0.178244,0.260948,0.0725772,0.0547882,0.181415,0.413707,0.24808,0.241294,0.125139,0.00274257,0.0772474,0.00303009,0.0167184,0.238444,0.303934,0.0196286,0.112407,0.0280722,0.0896693,0.104461,0.153895,0.0564518,0.109835,0.377083,0.284826,0.863486,0.0366346,0.113396,0.204508,0.230317,0.0084621,0.284583,0.368676,
0.19115,0.304809,0.00279906,0.521607,0.379473,0.421702,0.477509,1.10802,0.125204,0.115343,0.0116223,0.558871,0.189907,0,0.235695,0.0456033,0.546961,0.0848975,0.415587,0.394005,0.504678,0.72259,0.192675,0.0886061,0.384525,0.185099,0.666601,0.0154257,0.532124,0.142092,0.0198412,0.371939,0.588701,0.479621,0.0198712,0.339037,0.574571,0.209778,0.401496,0.454594,0.49951,0.0796859,0.592013,0.385402,0.114155,0.0382944,0.282133,0.116842,0.342616,0.00382685,0.0268319,0.131665,0.0830687,0.140637,0.243828,0.275798,0.0967708,0.726922,0.0416137,0.171852,0.809521,0.0569327,0.403637,0.42654,0.200004,0.0753484,0.47636,0.00331538,0.560172,0.226271,0.0774296,0.364957,0.285757,0.379037,0.789858,0.597943,0.18818,0.0663358,0.183376,0.308971,0.00602851,0.892509,0.105839,0.341021,0.202224,0.379643,0.0409258,0.478045,0.215892,0.562966,0.0354936,0.772721,0.545832,0.350277,0.213729,0.565639,0.380039,0.192397,0.282303,0.0462169,
0.533759,0.0210558,0.230597,0.381051,0.0206328,0.905383,0.8622,0.373257,0.622556,0.0618629,0.271942,0.582349,0.00306781,0.235695,0,0.210729,0.303365,0.0787572,0.0354254,0.320824,0.553062,1.15654,0.351982,0.0512531,0.387757,0.328823,0.356064,0.136422,0.0654484,0.449603,0.120888,0.461341,0.527931,0.548364,0.36662,0.093784,0.0871353,0.00456987,0.720069,0.292837,0.0645565,0.109515,0.0911297,0.255495,0.0230428,0.450945,0.0909872,0.131222,0.481617,0.184583,0.371155,0.317547,0.476238,0.418459,0.0435501,0.349782,0.353585,0.196648,0.428947,0.0882248,0.199957,0.500986,0.598834,0.918091,0.0117856,0.329414,0.13051,0.224877,0.268787,0.0909607,0.0710312,0.201678,0.426097,0.233297,0.205834,0.0944865,0.00865759,0.11019,0.00962872,0.00927487,0.286011,0.263287,0.038026,0.0947542,0.0401524,0.0676401,0.142663,0.123576,0.0518596,0.0828004,0.440497,0.264345,0.945293,0.0298468,0.140038,0.201704,0.256203,0.0162676,0.285375,0.421588,
0.0892701,0.326361,0.0682124,0.7438,0.356682,0.71287,0.787584,1.0361,0.283863,0.183068,0.019008,0.841511,0.180549,0.0456033,0.210729,0,0.73088,0.154739,0.408967,0.180548,0.780962,1.07768,0.39639,0.131503,0.616688,0.382177,0.851433,0.0568119,0.47668,0.341217,0.0441712,0.623055,0.854994,0.754606,0.0525162,0.190923,0.475153,0.213366,0.691887,0.647762,0.493441,0.169262,0.503268,0.181493,0.105073,0.121128,0.382299,0.0270219,0.595544,0.0325685,0.133256,0.311733,0.061761,0.0459085,0.306339,0.100284,0.0223622,0.764571,0.156024,0.270875,0.68261,0.158201,0.682904,0.718101,0.221044,0.0147013,0.566118,0.0691751,0.722785,0.329539,0.0382591,0.524383,0.110659,0.180229,0.789716,0.558822,0.200708,0.14943,0.197403,0.301061,0.0335652,0.889162,0.14119,0.192169,0.262722,0.245581,0.125773,0.307519,0.115141,0.536718,0.119999,0.856458,0.870419,0.370192,0.346611,0.683333,0.564204,0.221227,0.104906,0.0526221,
1.23295,0.174463,0.486775,0.014724,0.253168,0.576133,0.441548,0.484657,0.698571,0.201595,0.68948,0.103271,0.289252,0.546961,0.303365,0.73088,0,0.233548,0.212203,1.14357,0.108318,0.589883,0.189003,0.266157,0.0657882,0.179623,0.00753292,0.419176,0.322014,0.355291,0.441266,0.119494,0.0594377,0.118023,0.744087,0.699308,0.445039,0.247302,0.3434,0.00787431,0.207366,0.224932,0.413567,1.03645,0.352719,0.714433,0.0716045,0.706469,0.156154,0.521824,0.552737,0.236083,0.999162,1.08702,0.126988,1.14111,0.969796,0.153546,0.600738,0.12599,0.549115,0.722811,0.211375,0.589478,0.215855,0.912387,0.0542614,0.477787,0.00370558,0.091294,0.513514,0.0208172,1.23588,0.996896,0.233584,0.284647,0.239989,0.249517,0.23973,0.234239,0.65791,0.266698,0.259911,0.701538,0.148548,0.607579,0.300498,0.728201,0.580906,0.252834,0.697632,0.0990389,0.479111,0.167692,0.0845841,0.0303746,0.0203278,0.205104,1.05771,0.872521,
0.456798,0.0837387,0.0679346,0.244368,0.145187,0.486203,0.466108,0.683664,0.292954,0.00254487,0.14084,0.340749,0.0515118,0.0848975,0.0787572,0.154739,0.233548,0,0.15627,0.483145,0.306245,0.712376,0.113956,0.00416666,0.188711,0.101372,0.311967,0.0311652,0.256342,0.159777,0.0357807,0.216267,0.329964,0.294657,0.184992,0.269672,0.319172,0.0503849,0.361849,0.184637,0.206388,0.00270585,0.320392,0.431398,0.034958,0.207853,0.0605216,0.164764,0.216517,0.0666404,0.135367,0.0865136,0.318834,0.359204,0.0440164,0.427871,0.2862,0.344251,0.171604,0.0174393,0.500967,0.232851,0.294308,0.495798,0.0381627,0.252429,0.167607,0.0641808,0.232661,0.0368146,0.0737522,0.117914,0.479636,0.41111,0.402391,0.287685,0.0380242,0.00287118,0.0356799,0.0999063,0.132534,0.480396,0.00803584,0.271595,0.0274558,0.258167,0.0123777,0.35845,0.160636,0.25729,0.198923,0.370134,0.53395,0.107917,0.040918,0.225906,0.139674,0.0322635,0.391033,0.249454,
0.814045,0.0120127,0.397572,0.308398,0.00301401,1.02364,0.932762,0.204417,0.830097,0.121959,0.479039,0.534751,0.0505718,0.415587,0.0354254,0.408967,0.212203,0.15627,0,0.498815,0.520676,1.20708,0.413859,0.131124,0.368896,0.389012,0.233716,0.277156,0.0171714,0.568968,0.262923,0.464013,0.457129,0.525296,0.590917,0.181637,0.0511437,0.0379027,0.781833,0.231352,0.00454296,0.190063,0.0439883,0.409237,0.108631,0.672062,0.0763161,0.294407,0.502586,0.353403,0.557044,0.404334,0.740237,0.675379,0.0469169,0.567541,0.595515,0.0674545,0.625064,0.118572,0.120747,0.722755,0.622659,1.03863,0.0428978,0.564734,0.0550008,0.389402,0.170743,0.0977236,0.203773,0.162017,0.666396,0.379282,0.072978,0.0211055,0.0478229,0.199736,0.0503595,0.00920291,0.490219,0.109987,0.109945,0.182503,0.06047,0.1225,0.253216,0.175949,0.151833,0.013232,0.65825,0.116912,1.00965,0.00599667,0.154327,0.100416,0.217063,0.0481684,0.478742,0.667585,
0.198498,0.494335,0.446856,1.24275,0.428727,1.46367,1.54242,0.868681,0.855673,0.494853,0.309078,1.46823,0.331229,0.394005,0.320824,0.180548,1.14357,0.483145,0.498815,0,1.4086,1.88811,0.964187,0.40929,1.17691,0.936838,1.23832,0.373007,0.456242,0.937777,0.328051,1.23323,1.43444,1.38715,0.400486,0.0873145,0.374206,0.379055,1.40971,1.10276,0.563432,0.537724,0.414924,0.0057503,0.284461,0.562124,0.699618,0.0966565,1.22219,0.341833,0.599805,0.853471,0.3245,0.159119,0.564924,0.0250242,0.169212,0.86029,0.642733,0.62092,0.485331,0.633507,1.35702,1.47061,0.419687,0.185761,0.812749,0.447202,1.08953,0.669698,0.190352,0.934363,0.0486121,0.0102317,0.805866,0.5499,0.388647,0.511756,0.389509,0.417416,0.361053,0.879212,0.3985,0.0869301,0.530599,0.146474,0.505732,0.129321,0.119103,0.557452,0.562453,1.02639,1.64416,0.522823,0.748982,0.961546,1.0208,0.435872,0.0112515,0.36088,
1.21001,0.418484,0.436627,0.0437311,0.561748,0.221032,0.126793,0.990126,0.434121,0.300182,0.656139,0.00178079,0.504871,0.504678,0.553062,0.780962,0.108318,0.306245,0.520676,1.4086,0,0.205865,0.0814424,0.372487,0.0166014,0.0852427,0.145598,0.442475,0.701701,0.170915,0.485841,0.0114538,0.0131313,0.000620048,0.646679,1.02351,0.860673,0.464085,0.0819513,0.0703406,0.541125,0.265837,0.829155,1.32776,0.519258,0.548572,0.217333,0.863388,0.0210848,0.520227,0.411208,0.131726,0.90515,1.09876,0.303045,1.30787,0.983393,0.500422,0.429503,0.218955,1.03586,0.527104,0.0253395,0.229469,0.413084,0.920362,0.281194,0.430811,0.150892,0.207282,0.653377,0.109981,1.36483,1.29428,0.629814,0.67101,0.438263,0.287347,0.434151,0.504896,0.601632,0.684068,0.386815,1.02664,0.306978,0.958019,0.306491,1.11882,0.838123,0.620402,0.535175,0.402885,0.143268,0.430491,0.148884,0.245103,0.0715215,0.391284,1.26476,0.773652,
1.33405,1.0358,0.655173,0.428649,1.24191,0.0558172,0.0313916,1.85688,0.360351,0.742105,0.860783,0.215923,1.07068,0.72259,1.15654,1.07768,0.589883,0.712376,1.20708,1.88811,0.205865,0,0.278787,0.813211,0.301587,0.299958,0.65981,0.759667,1.45314,0.249625,0.824645,0.217503,0.299966,0.194362,0.765753,1.64838,1.63388,1.03802,0.0674362,0.497144,1.25738,0.635585,1.60733,1.85657,1.01697,0.590776,0.734964,1.29058,0.189185,0.790774,0.509534,0.325823,0.984898,1.28914,0.848076,1.67222,1.19611,1.23834,0.484226,0.666059,1.8734,0.532099,0.122698,0.0561172,0.969089,1.13623,0.895982,0.65463,0.677991,0.686908,1.09294,0.567603,1.66818,1.83702,1.41239,1.43579,0.99164,0.649502,0.983042,1.14393,0.78428,1.48498,0.852879,1.65218,0.827945,1.62894,0.622526,1.81623,1.40451,1.36854,0.584274,1.09803,0.0155841,1.07073,0.568193,0.848174,0.483778,0.936013,1.69094,0.869217,
0.723927,0.295511,0.149915,0.129581,0.424525,0.162711,0.130574,1.02641,0.180072,0.125585,0.29465,0.106366,0.298575,0.192675,0.351982,0.39639,0.189003,0.113956,0.413859,0.964187,0.0814424,0.278787,0,0.160813,0.0463401,0.000439834,0.266603,0.16605,0.585361,0.0278503,0.197504,0.0320638,0.131592,0.0702673,0.286033,0.701908,0.707851,0.281278,0.074753,0.121064,0.465096,0.0830337,0.695284,0.911709,0.270666,0.225062,0.148717,0.489365,0.0230699,0.208076,0.13529,0.00617931,0.477434,0.635054,0.18968,0.840361,0.54326,0.537611,0.150372,0.0976074,0.926194,0.216533,0.0469465,0.169663,0.242854,0.493559,0.279966,0.146746,0.225393,0.115636,0.337577,0.110513,0.877157,0.888318,0.651354,0.594619,0.25389,0.0906951,0.24886,0.354698,0.255461,0.731652,0.179238,0.704828,0.172726,0.68018,0.0889508,0.828129,0.52522,0.545756,0.215687,0.491125,0.168187,0.324346,0.068259,0.294004,0.088901,0.224708,0.819624,0.377752,
0.424187,0.0682944,0.0769299,0.290338,0.115886,0.568387,0.551135,0.635692,0.336475,0.00500788,0.134752,0.408464,0.0293741,0.0886061,0.0512531,0.131503,0.266157,0.00416666,0.131124,0.40929,0.372487,0.813211,0.160813,0,0.240489,0.145884,0.34385,0.0305409,0.216099,0.20921,0.0298921,0.275667,0.390969,0.360926,0.188445,0.20857,0.266479,0.0314656,0.438931,0.22143,0.180484,0.0133319,0.270409,0.358498,0.0150444,0.227249,0.0693421,0.125513,0.27761,0.0641318,0.159255,0.127099,0.309157,0.326324,0.0418373,0.367821,0.258007,0.329518,0.199054,0.0281571,0.438998,0.258402,0.364789,0.578354,0.0244906,0.227804,0.170635,0.0731253,0.258099,0.0476559,0.0476368,0.144608,0.42168,0.33912,0.376137,0.25143,0.0221491,0.0119976,0.020348,0.0758713,0.13255,0.452764,0.00104015,0.210276,0.0254867,0.199367,0.0234485,0.289098,0.114023,0.224995,0.218542,0.369162,0.623958,0.0913255,0.0616338,0.236859,0.174473,0.0210372,0.328481,0.24666,
1.0419,0.277535,0.325564,0.0239391,0.40085,0.266091,0.178828,0.838999,0.394083,0.180998,0.520388,0.0240436,0.346496,0.384525,0.387757,0.616688,0.0657882,0.188711,0.368896,1.17691,0.0166014,0.301587,0.0463401,0.240489,0,0.0454051,0.108591,0.31418,0.530403,0.139178,0.348539,0.00836303,0.0245923,0.0159477,0.529074,0.807408,0.670558,0.312219,0.114468,0.0301946,0.392675,0.159543,0.644597,1.09628,0.361213,0.460395,0.117756,0.674104,0.0197333,0.38887,0.328916,0.0823501,0.769942,0.925917,0.182054,1.09432,0.81538,0.384385,0.354908,0.117083,0.843322,0.451129,0.044845,0.275598,0.269801,0.757006,0.182,0.3196,0.096249,0.108373,0.483643,0.0467361,1.15651,1.0637,0.497378,0.510241,0.290581,0.177838,0.287173,0.349306,0.476241,0.555267,0.250643,0.810279,0.184222,0.74747,0.199531,0.896008,0.639989,0.464476,0.447079,0.31366,0.208479,0.289981,0.0669604,0.164974,0.0236993,0.251866,1.04627,0.64753,
0.713053,0.27407,0.143211,0.125073,0.399112,0.179303,0.145784,0.993533,0.187337,0.111764,0.285809,0.110245,0.277301,0.185099,0.328823,0.382177,0.179623,0.101372,0.389012,0.936838,0.0852427,0.299958,0.000439834,0.145884,0.0454051,0,0.256335,0.155034,0.55632,0.0319304,0.185014,0.0345653,0.132379,0.0743781,0.281155,0.672638,0.67617,0.260342,0.0863212,0.113791,0.439392,0.0725285,0.66394,0.883154,0.251555,0.224994,0.134063,0.468954,0.0268671,0.198014,0.134419,0.00558932,0.471506,0.622254,0.172385,0.818366,0.530583,0.513436,0.151315,0.0850908,0.891446,0.218542,0.054332,0.186548,0.223281,0.48137,0.261881,0.13989,0.213573,0.102306,0.318985,0.100599,0.857202,0.859526,0.624087,0.565953,0.234007,0.0801327,0.229186,0.331223,0.248243,0.703762,0.163156,0.675505,0.156082,0.650074,0.0799553,0.795633,0.499853,0.518173,0.215463,0.470485,0.185196,0.302131,0.0582303,0.27767,0.0816116,0.205847,0.795515,0.372502,
1.37953,0.210635,0.602375,0.0324368,0.281635,0.676076,0.522366,0.433559,0.832989,0.272272,0.817434,0.133644,0.34871,0.666601,0.356064,0.851433,0.00753292,0.311967,0.233716,1.23832,0.145598,0.65981,0.266603,0.34385,0.108591,0.256335,0,0.522646,0.332907,0.456632,0.544154,0.172257,0.0789477,0.159503,0.880175,0.763291,0.457277,0.301431,0.421293,0.0298493,0.217228,0.305832,0.4216,1.12231,0.429058,0.851779,0.110662,0.808872,0.216965,0.635986,0.677717,0.323589,1.14644,1.22587,0.171881,1.25658,1.10487,0.133294,0.729918,0.185387,0.537217,0.861074,0.27348,0.690241,0.270347,1.04613,0.0641031,0.592427,0.00695288,0.140326,0.607676,0.0515291,1.36012,1.08012,0.208231,0.285019,0.297453,0.33392,0.298013,0.272157,0.786023,0.230694,0.333608,0.765391,0.20101,0.658343,0.393934,0.773603,0.655282,0.256272,0.833802,0.0731943,0.55676,0.196847,0.138629,0.0295748,0.0523543,0.260539,1.16323,1.0151,
0.263641,0.186326,0.0129642,0.415846,0.248742,0.476239,0.50277,0.896266,0.198111,0.0494522,0.0401687,0.48991,0.100755,0.0154257,0.136422,0.0568119,0.419176,0.0311652,0.277156,0.373007,0.442475,0.759667,0.16605,0.0305409,0.31418,0.155034,0.522646,0,0.379875,0.15626,0.00166391,0.322258,0.499567,0.42274,0.0686038,0.258767,0.42441,0.113906,0.409879,0.346095,0.347574,0.0327133,0.436806,0.346962,0.0499173,0.0977953,0.176466,0.0947009,0.305793,0.0067423,0.0633905,0.114847,0.154563,0.192929,0.140751,0.28714,0.139082,0.546485,0.0891704,0.0938586,0.63482,0.122641,0.379565,0.483304,0.105885,0.114264,0.33354,0.0116895,0.422765,0.134421,0.0406782,0.259443,0.315671,0.335259,0.601812,0.434313,0.0975665,0.0239952,0.0940264,0.190803,0.036733,0.694617,0.040877,0.260628,0.109183,0.27949,0.0138364,0.373964,0.148059,0.403021,0.0925472,0.592068,0.574364,0.222842,0.134045,0.415297,0.281894,0.100242,0.274393,0.107604,
0.86931,0.0552111,0.521941,0.446222,0.0165058,1.2575,1.16307,0.132319,1.01783,0.215284,0.580777,0.71412,0.093992,0.532124,0.0654484,0.47668,0.322014,0.256342,0.0171714,0.456242,0.701701,1.45314,0.585361,0.216099,0.530403,0.55632,0.332907,0.379875,0,0.755024,0.355991,0.642885,0.619841,0.708688,0.712061,0.152733,0.0110035,0.0844703,0.999686,0.356741,0.0134477,0.302586,0.00657289,0.365544,0.164452,0.821172,0.164148,0.325076,0.688255,0.456918,0.710166,0.570297,0.839938,0.729199,0.118665,0.56061,0.657793,0.0778239,0.785435,0.220612,0.0477888,0.882419,0.823277,1.27327,0.0991921,0.633578,0.115784,0.513329,0.265945,0.194509,0.25611,0.275676,0.665879,0.336493,0.0590735,0.00506001,0.101667,0.311287,0.105612,0.0376967,0.602985,0.0864314,0.187942,0.153101,0.136648,0.0916637,0.372219,0.12125,0.156344,0.00644428,0.807438,0.14807,1.24532,0.0431692,0.270728,0.168437,0.34498,0.109371,0.463698,0.779061,
0.583055,0.425521,0.108769,0.27075,0.566799,0.0972613,0.107332,1.28346,0.0689227,0.187861,0.222213,0.206558,0.383806,0.142092,0.449603,0.341217,0.355291,0.159777,0.568968,0.937777,0.170915,0.249625,0.0278503,0.20921,0.139178,0.0319304,0.456632,0.15626,0.755024,0,0.189392,0.0994861,0.257167,0.152061,0.189947,0.76123,0.870184,0.377361,0.0702276,0.261179,0.639722,0.122156,0.865926,0.909495,0.321451,0.121042,0.270771,0.47447,0.0730906,0.172163,0.0644241,0.0170492,0.345691,0.521008,0.303063,0.773423,0.444159,0.759461,0.0661075,0.180761,1.12202,0.106816,0.0842754,0.101386,0.338539,0.400253,0.453627,0.108045,0.402141,0.218697,0.347524,0.240989,0.785748,0.893705,0.879882,0.782558,0.343676,0.122637,0.33706,0.480808,0.182487,0.974712,0.236202,0.764259,0.27178,0.768362,0.100371,0.918882,0.57153,0.729725,0.115074,0.719641,0.14356,0.466872,0.158494,0.482627,0.212834,0.318586,0.778176,0.262139,
0.244932,0.178333,0.020714,0.446397,0.231925,0.529755,0.558023,0.866905,0.22753,0.0529605,0.0383879,0.534149,0.0886561,0.0198412,0.120888,0.0441712,0.441266,0.0357807,0.262923,0.328051,0.485841,0.824645,0.197504,0.0298921,0.348539,0.185014,0.544154,0.00166391,0.355991,0.189392,0,0.361442,0.539539,0.466148,0.0728379,0.221917,0.392623,0.103818,0.460195,0.370922,0.332776,0.041412,0.406711,0.302617,0.0393015,0.112075,0.183814,0.0718764,0.346076,0.00722901,0.0805173,0.142404,0.150443,0.174102,0.141196,0.251022,0.123259,0.538502,0.10853,0.102519,0.596933,0.140787,0.425712,0.53705,0.0991197,0.100716,0.337029,0.0194067,0.440314,0.143103,0.0261859,0.277988,0.280864,0.291495,0.586491,0.412877,0.0894228,0.031761,0.0862307,0.177383,0.0388118,0.678319,0.0384244,0.223639,0.109803,0.244051,0.0228563,0.331762,0.120484,0.384123,0.10697,0.592725,0.632691,0.214078,0.148973,0.423697,0.30554,0.0950282,0.236688,0.107868,
1.01832,0.355009,0.312821,0.0566106,0.493988,0.183013,0.111138,0.991315,0.323707,0.216711,0.506137,0.0219764,0.410864,0.371939,0.461341,0.623055,0.119494,0.216267,0.464013,1.23323,0.0114538,0.217503,0.0320638,0.275667,0.00836303,0.0345653,0.172257,0.322258,0.642885,0.0994861,0.361442,0,0.0384185,0.00766135,0.497218,0.890495,0.789456,0.378556,0.0614323,0.0700274,0.496192,0.179204,0.764796,1.16219,0.409631,0.412526,0.172911,0.709766,0.00281203,0.387387,0.291685,0.0661417,0.732863,0.914259,0.242392,1.12325,0.806655,0.497864,0.309092,0.154855,0.982365,0.395888,0.0147858,0.190996,0.331903,0.748069,0.262508,0.307933,0.159961,0.154192,0.519783,0.0909369,1.17333,1.13217,0.622378,0.626973,0.351975,0.195703,0.347494,0.431847,0.456998,0.686923,0.291587,0.893571,0.238547,0.840783,0.207289,0.998124,0.706884,0.576615,0.4005,0.418887,0.13588,0.373411,0.0996382,0.245088,0.0586575,0.311323,1.08797,0.612121,
1.32806,0.377158,0.517144,0.0164442,0.505113,0.336857,0.216869,0.837167,0.568644,0.312429,0.748866,0.00765847,0.490725,0.588701,0.527931,0.854994,0.0594377,0.329964,0.457129,1.43444,0.0131313,0.299966,0.131592,0.390969,0.0245923,0.132379,0.0789477,0.499567,0.619841,0.257167,0.539539,0.0384185,0,0.0190561,0.757595,1.00442,0.776793,0.444246,0.159262,0.0414818,0.463275,0.29652,0.740963,1.3396,0.528864,0.670664,0.191839,0.90433,0.0600609,0.592607,0.515479,0.191029,1.03035,1.20179,0.279058,1.36722,1.08053,0.392921,0.543025,0.22066,0.921643,0.654805,0.0744461,0.347039,0.395995,1.01609,0.216967,0.509814,0.0922617,0.195592,0.685964,0.0849323,1.43963,1.30208,0.51169,0.578107,0.424101,0.322074,0.421306,0.462128,0.697453,0.553903,0.398454,1.00733,0.292826,0.921408,0.355122,1.07357,0.836318,0.532508,0.655375,0.296083,0.234552,0.379925,0.149521,0.172921,0.0535243,0.376536,1.30745,0.893009,
1.17336,0.419182,0.413055,0.050457,0.564175,0.201195,0.113136,1.01362,0.403924,0.290968,0.627913,0.00437307,0.498342,0.479621,0.548364,0.754606,0.118023,0.294657,0.525296,1.38715,0.000620048,0.194362,0.0702673,0.360926,0.0159477,0.0743781,0.159503,0.42274,0.708688,0.152061,0.466148,0.00766135,0.0190561,0,0.615819,1.01335,0.866575,0.459301,0.069717,0.075925,0.549057,0.253589,0.836422,1.30945,0.507595,0.517503,0.217783,0.84232,0.0148047,0.496875,0.384574,0.117494,0.869649,1.06515,0.301543,1.28058,0.951538,0.517131,0.401394,0.21335,1.04795,0.495715,0.0183486,0.209321,0.408374,0.889217,0.289985,0.407562,0.161797,0.204802,0.635751,0.113048,1.33451,1.27695,0.647506,0.681174,0.432577,0.273971,0.428235,0.504764,0.573537,0.704565,0.376422,1.0165,0.303218,0.952118,0.290263,1.11373,0.825707,0.629884,0.504537,0.421466,0.13027,0.433208,0.145013,0.257017,0.0742054,0.386367,1.24077,0.740213,
0.11734,0.464782,0.0321731,0.701732,0.543741,0.437824,0.52892,1.34286,0.100428,0.228132,0.00961229,0.708801,0.313138,0.0198712,0.36662,0.0525162,0.744087,0.184992,0.590917,0.400486,0.646679,0.765753,0.286033,0.188445,0.529074,0.281155,0.880175,0.0686038,0.712061,0.189947,0.0728379,0.497218,0.757595,0.615819,0,0.424402,0.743385,0.342611,0.469095,0.633311,0.688765,0.176015,0.768179,0.413185,0.210808,0.0155375,0.442828,0.151589,0.45435,0.0344148,0.0341515,0.210579,0.0269259,0.0913467,0.395171,0.255067,0.0629934,0.95278,0.0379787,0.303128,0.997152,0.0304415,0.505228,0.44019,0.33428,0.0482171,0.673667,0.0347572,0.76384,0.372972,0.138428,0.535343,0.244306,0.413797,1.01624,0.79264,0.317139,0.156496,0.311277,0.463044,0.00545357,1.12778,0.211697,0.426356,0.342624,0.489162,0.114812,0.583731,0.298008,0.756462,0.0158102,1.00676,0.595333,0.519253,0.352599,0.775244,0.546625,0.326048,0.282542,0.0070052,
0.382638,0.192645,0.365396,0.812288,0.139285,1.30311,1.30835,0.471181,0.831007,0.258993,0.311716,1.06562,0.111257,0.339037,0.093784,0.190923,0.699308,0.269672,0.181637,0.0873145,1.02351,1.64838,0.701908,0.20857,0.807408,0.672638,0.763291,0.258767,0.152733,0.76123,0.221917,0.890495,1.00442,1.01335,0.424402,0,0.111133,0.135518,1.15498,0.688195,0.220328,0.322174,0.133459,0.0495941,0.113269,0.56843,0.360777,0.0759886,0.903535,0.274866,0.540122,0.628577,0.439571,0.29502,0.260478,0.145153,0.267404,0.429752,0.599512,0.336764,0.199959,0.638244,1.04491,1.31441,0.165552,0.265494,0.41118,0.36174,0.642952,0.35521,0.0984129,0.550598,0.206598,0.0389392,0.39153,0.211757,0.148173,0.310509,0.1503,0.139994,0.351872,0.44989,0.190146,3.73821e-06,0.24722,0.00833879,0.333605,0.0147387,0.0162996,0.215686,0.562355,0.559761,1.4069,0.20529,0.435388,0.524545,0.632709,0.17934,0.0937162,0.432257,
0.830423,0.10126,0.574657,0.584949,0.0420036,1.40833,1.32649,0.137156,1.10545,0.278442,0.602808,0.876491,0.122323,0.574571,0.0871353,0.475153,0.445039,0.319172,0.0511437,0.374206,0.860673,1.63388,0.707851,0.266479,0.670558,0.67617,0.457277,0.42441,0.0110035,0.870184,0.392623,0.789456,0.776793,0.866575,0.743385,0.111133,0,0.119766,1.1568,0.482589,0.0486211,0.374064,0.00123025,0.290646,0.1903,0.875026,0.246633,0.306037,0.834241,0.492922,0.778739,0.680689,0.841322,0.69715,0.183037,0.493727,0.637444,0.135515,0.856166,0.299934,0.0242756,0.944101,0.979518,1.42393,0.142782,0.620589,0.196227,0.566504,0.379872,0.277198,0.264013,0.385824,0.596497,0.264874,0.0988633,0.0247896,0.140791,0.37914,0.145339,0.0694262,0.63451,0.124887,0.235444,0.111139,0.199119,0.0591616,0.43908,0.0705747,0.137274,0.0322718,0.862472,0.227532,1.41452,0.0891618,0.366164,0.262412,0.465879,0.156535,0.398514,0.795652,
0.550469,0.0129642,0.198952,0.311644,0.0273784,0.803731,0.75696,0.404379,0.558809,0.0351035,0.256974,0.492157,0.00192837,0.209778,0.00456987,0.213366,0.247302,0.0503849,0.0379027,0.379055,0.464085,1.03802,0.281278,0.0314656,0.312219,0.260342,0.301431,0.113906,0.0844703,0.377361,0.103818,0.378556,0.444246,0.459301,0.342611,0.135518,0.119766,0,0.62157,0.232165,0.0682058,0.0746064,0.120906,0.311888,0.0197735,0.410906,0.0577721,0.150022,0.397272,0.164688,0.325307,0.253135,0.467663,0.43402,0.0215295,0.393589,0.363317,0.189967,0.380005,0.0529476,0.243925,0.454976,0.505891,0.816199,0.00168431,0.335021,0.103986,0.193215,0.219974,0.0555829,0.0750079,0.150691,0.468614,0.288437,0.211609,0.109596,0.000878161,0.0768974,0.0012796,0.0102402,0.264678,0.271252,0.0211036,0.136734,0.0178664,0.10658,0.107694,0.174515,0.0775523,0.0935219,0.400089,0.243764,0.83575,0.0230925,0.0946937,0.167574,0.197213,0.00360218,0.331058,0.404958,
0.988748,0.629793,0.344806,0.226776,0.804784,0.0351115,0.00846625,1.44275,0.20107,0.384432,0.524874,0.100649,0.646892,0.401496,0.720069,0.691887,0.3434,0.361849,0.781833,1.40971,0.0819513,0.0674362,0.074753,0.438931,0.114468,0.0863212,0.421293,0.409879,0.999686,0.0702276,0.460195,0.0614323,0.159262,0.069717,0.469095,1.15498,1.1568,0.62157,0,0.258321,0.835673,0.305291,1.13695,1.36781,0.602271,0.345528,0.396228,0.85375,0.0408804,0.44609,0.259001,0.101559,0.679872,0.921364,0.476042,1.23048,0.826483,0.865706,0.252595,0.331483,1.39636,0.309999,0.0173933,0.0386502,0.565691,0.769975,0.55113,0.343051,0.408933,0.352891,0.673861,0.289323,1.24567,1.34605,1.0157,0.996445,0.582812,0.316072,0.575626,0.71661,0.464619,1.0958,0.469718,1.15848,0.455908,1.13544,0.29974,1.30964,0.93572,0.935889,0.337529,0.768657,0.0193212,0.663663,0.265518,0.534136,0.233844,0.538927,1.23129,0.569133,
1.1221,0.17571,0.396602,0.00636117,0.267125,0.464245,0.348394,0.579069,0.570843,0.161292,0.591789,0.0711793,0.269992,0.454594,0.292837,0.647762,0.00787431,0.184637,0.231352,1.10276,0.0703406,0.497144,0.121064,0.22143,0.0301946,0.113791,0.0298493,0.346095,0.356741,0.261179,0.370922,0.0700274,0.0414818,0.075925,0.633311,0.688195,0.482589,0.232165,0.258321,0,0.237943,0.170713,0.454264,1.0052,0.315498,0.595275,0.060064,0.648526,0.0977229,0.437991,0.445562,0.16109,0.880226,0.985819,0.114373,1.07417,0.8717,0.207989,0.48716,0.0935223,0.612284,0.599707,0.146374,0.476433,0.198341,0.814717,0.0733201,0.388681,0.0190055,0.0690753,0.459997,0.00935012,1.15822,0.968307,0.29714,0.327956,0.220359,0.192339,0.219071,0.237046,0.557623,0.340452,0.220406,0.690618,0.128365,0.609235,0.233086,0.738129,0.554853,0.291839,0.579734,0.152988,0.385981,0.176211,0.0530019,0.0560332,0.00373951,0.185692,1.00264,0.756652,
0.921287,0.0281339,0.47825,0.312166,0.0129934,1.09621,0.989844,0.153329,0.928275,0.165808,0.569804,0.549892,0.0851032,0.49951,0.0645565,0.493441,0.207366,0.206388,0.00454296,0.563432,0.541125,1.25738,0.465096,0.180484,0.392675,0.439392,0.217228,0.347574,0.0134477,0.639722,0.332776,0.496192,0.463275,0.549057,0.688765,0.220328,0.0486211,0.0682058,0.835673,0.237943,0,0.242356,0.0381471,0.466365,0.156725,0.771459,0.0951935,0.363922,0.5413,0.432636,0.646093,0.46323,0.847683,0.775737,0.0701289,0.648842,0.692458,0.0397998,0.717826,0.153618,0.099735,0.823205,0.663157,1.11194,0.0735379,0.660462,0.0508798,0.46928,0.162271,0.124539,0.266352,0.174971,0.755158,0.434167,0.0413164,0.00919748,0.0808068,0.254819,0.084002,0.0266334,0.581204,0.0702178,0.156039,0.221097,0.0896823,0.150506,0.315696,0.20004,0.198534,0.00369048,0.756644,0.0852479,1.06474,0.0165898,0.185451,0.0882872,0.231416,0.0795889,0.551706,0.770947,
0.470783,0.108202,0.0595781,0.223597,0.181015,0.420532,0.401906,0.742699,0.252567,0.0079209,0.141062,0.300113,0.0772234,0.0796859,0.109515,0.169262,0.224932,0.00270585,0.190063,0.537724,0.265837,0.635585,0.0830337,0.0133319,0.159543,0.0725285,0.305832,0.0327133,0.302586,0.122156,0.041412,0.179204,0.29652,0.253589,0.176015,0.322174,0.374064,0.0746064,0.305291,0.170713,0.242356,0,0.373956,0.487364,0.0560968,0.186232,0.0661483,0.194696,0.176709,0.0673501,0.113263,0.0588779,0.316541,0.375762,0.0571666,0.46872,0.300584,0.375719,0.145659,0.0183858,0.565474,0.20611,0.246311,0.429599,0.05843,0.264664,0.181849,0.0560734,0.230306,0.0393386,0.0960366,0.110805,0.51679,0.467058,0.443003,0.332461,0.0594422,0.000679942,0.0565584,0.130461,0.128143,0.523198,0.0200443,0.324268,0.0392492,0.311404,0.00697924,0.419715,0.201282,0.29879,0.177434,0.39183,0.465832,0.134279,0.03495,0.235421,0.125915,0.0505505,0.435955,0.243438,
0.875168,0.0950924,0.588561,0.552631,0.0386858,1.3963,1.30625,0.118437,1.11699,0.277481,0.627423,0.842394,0.12654,0.592013,0.0911297,0.503268,0.413567,0.320392,0.0439883,0.414924,0.829155,1.60733,0.695284,0.270409,0.644597,0.66394,0.4216,0.436806,0.00657289,0.865926,0.406711,0.764796,0.740963,0.836422,0.768179,0.133459,0.00123025,0.120906,1.13695,0.454264,0.0381471,0.373956,0,0.327136,0.199654,0.894986,0.232711,0.333303,0.811913,0.510318,0.791699,0.673563,0.876505,0.737925,0.174875,0.53642,0.674265,0.111971,0.86987,0.292177,0.0223374,0.962559,0.955373,1.41219,0.142057,0.65524,0.175108,0.580029,0.349345,0.265883,0.28251,0.363349,0.642305,0.299824,0.0782537,0.0155459,0.141915,0.380831,0.14654,0.0671111,0.656936,0.101899,0.238964,0.133519,0.193418,0.075733,0.443493,0.09019,0.156891,0.0223611,0.881811,0.197469,1.39226,0.0811603,0.353263,0.235404,0.441322,0.155219,0.437993,0.825824,
0.243457,0.412165,0.432636,1.14346,0.345532,1.44883,1.50831,0.748627,0.866921,0.436434,0.313155,1.38293,0.26955,0.385402,0.255495,0.181493,1.03645,0.431398,0.409237,0.0057503,1.32776,1.85657,0.911709,0.358498,1.09628,0.883154,1.12231,0.346962,0.365544,0.909495,0.302617,1.16219,1.3396,1.30945,0.413185,0.0495941,0.290646,0.311888,1.36781,1.0052,0.466365,0.487364,0.327136,0,0.236899,0.574774,0.614695,0.0841777,1.15827,0.328096,0.595906,0.809426,0.357858,0.191024,0.486145,0.0441395,0.192393,0.742229,0.644336,0.55171,0.392318,0.647529,1.29754,1.45705,0.351241,0.205054,0.70854,0.431877,0.979599,0.592143,0.162555,0.842382,0.0786141,0.000659192,0.688585,0.450818,0.323282,0.464867,0.324663,0.33925,0.363765,0.757178,0.34474,0.0492446,0.457714,0.0955319,0.467404,0.081355,0.0818432,0.458666,0.573437,0.902533,1.61051,0.435886,0.674665,0.849857,0.930033,0.367529,0.0193671,0.384529,
0.373693,0.0640565,0.11302,0.401206,0.0851734,0.737884,0.727754,0.568001,0.433096,0.0331356,0.14035,0.558048,0.0111789,0.114155,0.0230428,0.105073,0.352719,0.034958,0.108631,0.284461,0.519258,1.01697,0.270666,0.0150444,0.361213,0.251555,0.429058,0.0499173,0.164452,0.321451,0.0393015,0.409631,0.528864,0.507595,0.210808,0.113269,0.1903,0.0197735,0.602271,0.315498,0.156725,0.0560968,0.199654,0.236899,0,0.279303,0.111057,0.0700725,0.414153,0.0786189,0.221788,0.224743,0.303928,0.277322,0.0625664,0.268287,0.219203,0.327169,0.267469,0.0725252,0.344513,0.321653,0.517844,0.748352,0.0228599,0.196329,0.202091,0.109247,0.331455,0.0927691,0.0189543,0.219895,0.324683,0.219737,0.351574,0.207665,0.0161316,0.0516596,0.015328,0.0550382,0.149788,0.425284,0.0109897,0.114546,0.0462736,0.10959,0.0659557,0.178349,0.0468743,0.188918,0.271235,0.392862,0.809249,0.0851063,0.124958,0.283257,0.264657,0.0240399,0.225514,0.255794,
0.195841,0.527406,0.0411575,0.645372,0.632426,0.300149,0.387901,1.46425,0.0373464,0.254902,0.0449876,0.60784,0.387096,0.0382944,0.450945,0.121128,0.714433,0.207853,0.672062,0.562124,0.548572,0.590776,0.225062,0.227249,0.460395,0.224994,0.851779,0.0977953,0.821172,0.121042,0.112075,0.412526,0.670664,0.517503,0.0155375,0.56843,0.875026,0.410906,0.345528,0.595275,0.771459,0.186232,0.894986,0.574774,0.279303,0,0.459169,0.252309,0.365688,0.0655813,0.0124972,0.161247,0.0640632,0.172907,0.432363,0.389455,0.137301,1.01418,0.00844121,0.314824,1.14528,0.00256177,0.396998,0.301547,0.392726,0.116453,0.701699,0.0439963,0.748319,0.384996,0.216462,0.517123,0.372915,0.574265,1.09906,0.894469,0.37954,0.169266,0.372609,0.541655,0.0292823,1.21271,0.256204,0.570776,0.379047,0.63019,0.122868,0.743546,0.415424,0.851007,0.000121653,1.04182,0.443775,0.584247,0.345187,0.787952,0.512355,0.379839,0.423313,0.0326996,
0.800284,0.0353626,0.246875,0.10469,0.0891971,0.596663,0.512817,0.442703,0.52389,0.0404688,0.376782,0.23224,0.0781587,0.282133,0.0909872,0.382299,0.0716045,0.0605216,0.0763161,0.699618,0.217333,0.734964,0.148717,0.0693421,0.117756,0.134063,0.110662,0.176466,0.164148,0.270771,0.183814,0.172911,0.191839,0.217783,0.442828,0.360777,0.246633,0.0577721,0.396228,0.060064,0.0951935,0.0661483,0.232711,0.614695,0.111057,0.459169,0,0.34915,0.196978,0.250004,0.337996,0.154637,0.634019,0.669956,0.00885371,0.693192,0.574887,0.142762,0.387825,0.0150216,0.376823,0.484458,0.278475,0.609394,0.0414539,0.531091,0.0301276,0.239826,0.0628891,0.00369594,0.213863,0.0225038,0.775348,0.583612,0.199285,0.162354,0.0523099,0.0784358,0.051885,0.0651878,0.363428,0.252188,0.0633088,0.36264,0.0142525,0.30516,0.115476,0.406066,0.262942,0.135666,0.445585,0.142728,0.572997,0.0407268,0.0160682,0.0542626,0.0439736,0.0360443,0.623901,0.538293,
0.151629,0.246097,0.142567,0.758581,0.24364,0.92147,0.973622,0.806748,0.459586,0.179316,0.0869398,0.918838,0.118818,0.116842,0.131222,0.0270219,0.706469,0.164764,0.294407,0.0966565,0.863388,1.29058,0.489365,0.125513,0.674104,0.468954,0.808872,0.0947009,0.325076,0.47447,0.0718764,0.709766,0.90433,0.84232,0.151589,0.0759886,0.306037,0.150022,0.85375,0.648526,0.363922,0.194696,0.333303,0.0841777,0.0700725,0.252309,0.34915,0,0.69659,0.0838285,0.251514,0.405601,0.159617,0.0917766,0.260352,0.0675705,0.0676233,0.620824,0.288585,0.267264,0.472602,0.303243,0.807069,0.929039,0.167138,0.0628111,0.487355,0.141897,0.679246,0.312729,0.0188674,0.515315,0.096764,0.0798067,0.620913,0.401501,0.146916,0.177018,0.145621,0.208402,0.112428,0.707157,0.124663,0.0767585,0.226791,0.115793,0.170025,0.156338,0.0353442,0.389283,0.249467,0.731434,1.06477,0.279335,0.355055,0.607321,0.572943,0.172789,0.0517571,0.152788,
0.966989,0.384224,0.285794,0.0841002,0.528891,0.1437,0.0846174,1.06778,0.272735,0.222309,0.471358,0.0350498,0.42652,0.342616,0.481617,0.595544,0.156154,0.216517,0.502586,1.22219,0.0210848,0.189185,0.0230699,0.27761,0.0197333,0.0268671,0.216965,0.305793,0.688255,0.0730906,0.346076,0.00281203,0.0600609,0.0148047,0.45435,0.903535,0.834241,0.397272,0.0408804,0.0977229,0.5413,0.176709,0.811913,1.15827,0.414153,0.365688,0.196978,0.69659,0,0.363174,0.254275,0.052286,0.681091,0.870694,0.264762,1.09771,0.766791,0.557559,0.267366,0.166245,1.03984,0.346802,0.00756341,0.150825,0.349871,0.709423,0.304071,0.281651,0.200629,0.171939,0.512415,0.116196,1.14026,1.1304,0.685748,0.677873,0.368321,0.191114,0.363271,0.460835,0.421365,0.755522,0.296531,0.906681,0.256294,0.862549,0.196136,1.02247,0.713612,0.625655,0.354646,0.479432,0.108877,0.406831,0.112379,0.290921,0.081181,0.328433,1.07042,0.564219,
0.19287,0.254532,0.00797413,0.511309,0.317333,0.484286,0.532309,1.00996,0.170932,0.0921985,0.0140755,0.573164,0.14511,0.00382685,0.184583,0.0325685,0.521824,0.0666404,0.353403,0.341833,0.520227,0.790774,0.208076,0.0641318,0.38887,0.198014,0.635986,0.0067423,0.456918,0.172163,0.00722901,0.387387,0.592607,0.496875,0.0344148,0.274866,0.492922,0.164688,0.44609,0.437991,0.432636,0.0673501,0.510318,0.328096,0.0786189,0.0655813,0.250004,0.0838285,0.363174,0,0.0492342,0.14653,0.0975342,0.135549,0.206123,0.241922,0.0910717,0.657612,0.0696745,0.149635,0.714924,0.0898253,0.433867,0.490072,0.158499,0.0705708,0.429126,0.00787952,0.527785,0.19971,0.0471877,0.343341,0.259147,0.32051,0.711523,0.521449,0.146523,0.0546177,0.142436,0.25384,0.012701,0.810347,0.0775165,0.276688,0.167835,0.310404,0.0352483,0.401596,0.163931,0.489901,0.0621085,0.711367,0.604687,0.296501,0.196808,0.520686,0.365528,0.152931,0.240732,0.0613107,
0.273352,0.419264,0.0197804,0.489668,0.528005,0.249784,0.309277,1.31423,0.0386549,0.173633,0.0550762,0.463581,0.310463,0.0268319,0.371155,0.133256,0.552737,0.135367,0.557044,0.599805,0.411208,0.509534,0.13529,0.159255,0.328916,0.134419,0.677717,0.0633905,0.710166,0.0644241,0.0805173,0.291685,0.515479,0.384574,0.0341515,0.540122,0.778739,0.325307,0.259001,0.445562,0.646093,0.113263,0.791699,0.595906,0.221788,0.0124972,0.337996,0.251514,0.254275,0.0492342,0,0.085788,0.116673,0.232187,0.324042,0.440859,0.182568,0.854787,0.00233093,0.215177,1.03895,0.0146438,0.28822,0.252843,0.303351,0.154916,0.555356,0.0210833,0.585356,0.273493,0.189167,0.379166,0.43885,0.589677,0.945056,0.770079,0.295349,0.101766,0.288948,0.442398,0.035146,1.05244,0.185083,0.542598,0.278991,0.582349,0.0667145,0.703786,0.382412,0.725571,0.0101915,0.869012,0.36383,0.469779,0.234523,0.627985,0.373034,0.289691,0.460166,0.069071,
0.60698,0.283601,0.096583,0.179472,0.406404,0.174724,0.160011,1.04669,0.136857,0.102716,0.218403,0.162681,0.263673,0.131665,0.317547,0.311733,0.236083,0.0865136,0.404334,0.853471,0.131726,0.325823,0.00617931,0.127099,0.0823501,0.00558932,0.323589,0.114847,0.570297,0.0170492,0.142404,0.0661417,0.191029,0.117494,0.210579,0.628577,0.680689,0.253135,0.101559,0.16109,0.46323,0.0588779,0.673563,0.809426,0.224743,0.161247,0.154637,0.405601,0.052286,0.14653,0.085788,0,0.380643,0.52533,0.182389,0.725639,0.441359,0.566085,0.0999696,0.0899601,0.907469,0.156637,0.0816267,0.181201,0.218877,0.396097,0.302205,0.0941729,0.269979,0.115828,0.272231,0.136562,0.756576,0.789124,0.673547,0.590475,0.225823,0.0626063,0.220635,0.334213,0.184176,0.759807,0.146262,0.631391,0.159991,0.619129,0.0553029,0.761157,0.457242,0.542912,0.153098,0.534726,0.203111,0.316576,0.0725306,0.330054,0.120194,0.202076,0.711132,0.29123,
0.0371897,0.617526,0.111938,0.9627,0.677506,0.610093,0.735964,1.49641,0.18256,0.37008,0.0379617,0.975543,0.425058,0.0830687,0.476238,0.061761,0.999162,0.318834,0.740237,0.3245,0.90515,0.984898,0.477434,0.309157,0.769942,0.471506,1.14644,0.154563,0.839938,0.345691,0.150443,0.732863,1.03035,0.869649,0.0269259,0.439571,0.841322,0.467663,0.679872,0.880226,0.847683,0.316541,0.876505,0.357858,0.303928,0.0640632,0.634019,0.159617,0.681091,0.0975342,0.116673,0.380643,0,0.033677,0.561842,0.178386,0.0272607,1.15705,0.115908,0.473167,1.09294,0.0847377,0.736152,0.610729,0.468892,0.024336,0.884771,0.116279,1.01346,0.555891,0.190898,0.761055,0.15215,0.366229,1.202,0.938527,0.443848,0.289471,0.437974,0.597215,0.0445928,1.31731,0.333086,0.441123,0.500674,0.528632,0.236756,0.601582,0.335026,0.908068,0.067478,1.2386,0.806983,0.677365,0.543975,1.00775,0.781122,0.464019,0.220602,0.00652344,
0.00794596,0.585591,0.182197,1.0918,0.604274,0.875703,1.00088,1.33826,0.356631,0.402356,0.0724491,1.17025,0.38493,0.140637,0.418459,0.0459085,1.08702,0.359204,0.675379,0.159119,1.09876,1.28914,0.635054,0.326324,0.925917,0.622254,1.22587,0.192929,0.729199,0.521008,0.174102,0.914259,1.20179,1.06515,0.0913467,0.29502,0.69715,0.43402,0.921364,0.985819,0.775737,0.375762,0.737925,0.191024,0.277322,0.172907,0.669956,0.0917766,0.870694,0.135549,0.232187,0.52533,0.033677,0,0.570091,0.0599309,0.00458348,1.10289,0.243165,0.52318,0.913143,0.210968,0.952342,0.877751,0.449789,0.0107737,0.89219,0.185965,1.07972,0.601718,0.15524,0.842571,0.0434669,0.200671,1.11409,0.834182,0.420007,0.346119,0.41598,0.542496,0.0958985,1.22114,0.340726,0.295923,0.512796,0.384531,0.302765,0.42641,0.234561,0.815873,0.176387,1.21984,1.08438,0.639246,0.619158,1.03241,0.885549,0.452036,0.0907672,0.0568355,
0.696132,0.0124781,0.217903,0.173087,0.0507924,0.671421,0.601103,0.413911,0.53061,0.0254704,0.320567,0.323095,0.0348878,0.243828,0.0435501,0.306339,0.126988,0.0440164,0.0469169,0.564924,0.303045,0.848076,0.18968,0.0418373,0.182054,0.172385,0.171881,0.140751,0.118665,0.303063,0.141196,0.242392,0.279058,0.301543,0.395171,0.260478,0.183037,0.0215295,0.476042,0.114373,0.0701289,0.0571666,0.174875,0.486145,0.0625664,0.432363,0.00885371,0.260352,0.264762,0.206123,0.324042,0.182389,0.561842,0.570091,0,0.567434,0.483877,0.146674,0.376322,0.0167166,0.31108,0.465352,0.357724,0.68417,0.0122651,0.445875,0.0447159,0.211293,0.110663,0.0105427,0.14777,0.0593093,0.647652,0.45778,0.189585,0.127252,0.0186528,0.0656763,0.0185789,0.0296264,0.3155,0.245249,0.0339108,0.262094,0.00206578,0.214649,0.100794,0.303036,0.178087,0.104679,0.41974,0.1679,0.669056,0.0195637,0.0338109,0.084416,0.0909591,0.00976059,0.499995,0.478384,
0.0842376,0.528875,0.327007,1.20427,0.493985,1.23987,1.34311,1.06215,0.647211,0.453545,0.191872,1.37426,0.342839,0.275798,0.349782,0.100284,1.14111,0.427871,0.567541,0.0250242,1.30787,1.67222,0.840361,0.367821,1.09432,0.818366,1.25658,0.28714,0.56061,0.773423,0.251022,1.12325,1.36722,1.28058,0.255067,0.145153,0.493727,0.393589,1.23048,1.07417,0.648842,0.46872,0.53642,0.0441395,0.268287,0.389455,0.693192,0.0675705,1.09771,0.241922,0.440859,0.725639,0.178386,0.0599309,0.567434,0,0.0707898,0.968254,0.47088,0.583,0.648708,0.449142,1.21353,1.24471,0.425989,0.0849252,0.854788,0.328973,1.1045,0.64623,0.156173,0.910718,0.00569914,0.0517879,0.937211,0.662581,0.393974,0.439898,0.392866,0.462111,0.234459,1.02579,0.367166,0.145232,0.522175,0.22064,0.417227,0.224346,0.142872,0.660509,0.391473,1.12048,1.43957,0.568678,0.702726,1.00509,0.981962,0.437203,0.00601245,0.213381,
0.022525,0.504365,0.131913,0.973309,0.530232,0.797869,0.909108,1.26018,0.310178,0.325998,0.0423805,1.05201,0.319266,0.0967708,0.353585,0.0223622,0.969796,0.2862,0.595515,0.169212,0.983393,1.19611,0.54326,0.258007,0.81538,0.530583,1.10487,0.139082,0.657793,0.444159,0.123259,0.806655,1.08053,0.951538,0.0629934,0.267404,0.637444,0.363317,0.826483,0.8717,0.692458,0.300584,0.674265,0.192393,0.219203,0.137301,0.574887,0.0676233,0.766791,0.0910717,0.182568,0.441359,0.0272607,0.00458348,0.483877,0.0707898,0,1.0036,0.196009,0.436315,0.855391,0.173752,0.848224,0.800733,0.375522,0.00137055,0.789753,0.134934,0.964141,0.509886,0.113346,0.73555,0.0611973,0.198798,1.02194,0.756157,0.348744,0.27386,0.344739,0.46824,0.0618751,1.12814,0.271965,0.26847,0.429893,0.347224,0.23517,0.397974,0.198189,0.73555,0.13945,1.11078,0.991796,0.556018,0.52471,0.922549,0.775822,0.376546,0.0951648,0.0396435,
1.26562,0.106712,0.688818,0.259857,0.0969188,1.16693,1.01523,0.102211,1.12905,0.289786,0.83048,0.492618,0.223129,0.726922,0.196648,0.764571,0.153546,0.344251,0.0674545,0.86029,0.500422,1.23834,0.537611,0.329518,0.384385,0.513436,0.133294,0.546485,0.0778239,0.759461,0.538502,0.497864,0.392921,0.517131,0.95278,0.429752,0.135515,0.189967,0.865706,0.207989,0.0397998,0.375719,0.111971,0.742229,0.327169,1.01418,0.142762,0.620824,0.557559,0.657612,0.854787,0.566085,1.15705,1.10289,0.146674,0.968254,1.0036,0,0.930474,0.24117,0.151368,1.05881,0.668792,1.18394,0.187952,0.962945,0.0462025,0.677836,0.110207,0.190026,0.484666,0.178231,1.09066,0.702783,0.00882673,0.0454412,0.204905,0.397928,0.208995,0.122182,0.832841,0.0180159,0.3009,0.430597,0.181851,0.328116,0.475218,0.383416,0.406833,0.0400971,0.996416,0.0129006,1.07658,0.0822317,0.24666,0.0495431,0.225406,0.192227,0.853269,1.05904,
0.277175,0.479404,0.0348502,0.527266,0.594993,0.226838,0.29451,1.40488,0.0229952,0.21395,0.0680546,0.483121,0.364032,0.0416137,0.428947,0.156024,0.600738,0.171604,0.625064,0.642733,0.429503,0.484226,0.150372,0.199054,0.354908,0.151315,0.729918,0.0891704,0.785435,0.0661075,0.10853,0.309092,0.543025,0.401394,0.0379787,0.599512,0.856166,0.380005,0.252595,0.48716,0.717826,0.145659,0.86987,0.644336,0.267469,0.00844121,0.387825,0.288585,0.267366,0.0696745,0.00233093,0.0999696,0.115908,0.243165,0.376322,0.47088,0.196009,0.930474,0,0.256665,1.12434,0.00675894,0.294067,0.229025,0.356201,0.168743,0.616758,0.0367427,0.638232,0.318884,0.227935,0.423382,0.462186,0.639666,1.02559,0.847312,0.347763,0.133191,0.340859,0.504652,0.0458753,1.13547,0.227687,0.602064,0.328389,0.647168,0.0929397,0.771634,0.43523,0.800927,0.00690081,0.940673,0.34598,0.532656,0.273495,0.688816,0.412567,0.341338,0.497029,0.0701591,
0.63765,0.0566674,0.142932,0.141366,0.121578,0.492253,0.438528,0.579264,0.378014,0.00947818,0.252506,0.243042,0.0653924,0.171852,0.0882248,0.270875,0.12599,0.0174393,0.118572,0.62092,0.218955,0.666059,0.0976074,0.0281571,0.117083,0.0850908,0.185387,0.0938586,0.220612,0.180761,0.102519,0.154855,0.22066,0.21335,0.303128,0.336764,0.299934,0.0529476,0.331483,0.0935223,0.153618,0.0183858,0.292177,0.55171,0.0725252,0.314824,0.0150216,0.267264,0.166245,0.149635,0.215177,0.0899601,0.473167,0.52318,0.0167166,0.583,0.436315,0.24117,0.256665,0,0.461404,0.337014,0.241611,0.503292,0.0359611,0.395521,0.0868618,0.137524,0.124759,0.00396452,0.14687,0.0461877,0.649295,0.525419,0.304601,0.233443,0.042463,0.0254076,0.0407992,0.0841134,0.238547,0.371088,0.0284835,0.338777,0.0110143,0.301835,0.0478496,0.408279,0.225493,0.202758,0.303391,0.247236,0.500382,0.0720835,0.00729306,0.124301,0.0638496,0.0290477,0.53088,0.386687,
1.05386,0.202994,0.809816,0.715659,0.117484,1.67878,1.57416,0.0663345,1.39225,0.447859,0.837647,1.04242,0.250614,0.809521,0.199957,0.68261,0.549115,0.500967,0.120747,0.485331,1.03586,1.8734,0.926194,0.438998,0.843322,0.891446,0.537217,0.63482,0.0477888,1.12202,0.596933,0.982365,0.921643,1.04795,0.997152,0.199959,0.0242756,0.243925,1.39636,0.612284,0.099735,0.565474,0.0223374,0.392318,0.344513,1.14528,0.376823,0.472602,1.03984,0.714924,1.03895,0.907469,1.09294,0.913143,0.31108,0.648708,0.855391,0.151368,1.12434,0.461404,0,1.22074,1.19333,1.69552,0.272987,0.84137,0.27691,0.800429,0.471098,0.423881,0.435274,0.519992,0.763733,0.364521,0.0944322,0.049927,0.27293,0.573887,0.279215,0.164606,0.875816,0.10176,0.399581,0.199507,0.338334,0.132493,0.647791,0.122734,0.258328,0.0665473,1.13164,0.248233,1.66032,0.179297,0.529223,0.334182,0.609,0.290628,0.538676,1.04997,
0.230906,0.570504,0.0567174,0.642437,0.685532,0.255785,0.344184,1.53079,0.020876,0.282065,0.0687653,0.585488,0.432859,0.0569327,0.500986,0.158201,0.722811,0.232851,0.722755,0.633507,0.527104,0.532099,0.216533,0.258402,0.451129,0.218542,0.861074,0.122641,0.882419,0.106816,0.140787,0.395888,0.654805,0.495715,0.0304415,0.638244,0.944101,0.454976,0.309999,0.599707,0.823205,0.20611,0.962559,0.647529,0.321653,0.00256177,0.484458,0.303243,0.346802,0.0898253,0.0146438,0.156637,0.0847377,0.210968,0.465352,0.449142,0.173752,1.05881,0.00675894,0.337014,1.22074,0,0.369562,0.256626,0.433114,0.151076,0.732848,0.0597831,0.762531,0.40801,0.260449,0.529182,0.428998,0.647058,1.15171,0.953485,0.421187,0.189814,0.413798,0.590566,0.0486962,1.26623,0.289864,0.64073,0.411259,0.700157,0.140686,0.820062,0.475329,0.907297,0.00283339,1.0765,0.395496,0.628602,0.360223,0.813472,0.517864,0.418418,0.486771,0.0501899,
1.04073,0.492706,0.343015,0.120544,0.652084,0.101006,0.045711,1.20788,0.273236,0.304278,0.537855,0.0379406,0.537055,0.403637,0.598834,0.682904,0.211375,0.294308,0.622659,1.35702,0.0253395,0.122698,0.0469465,0.364789,0.044845,0.054332,0.27348,0.379565,0.823277,0.0842754,0.425712,0.0147858,0.0744461,0.0183486,0.505228,1.04491,0.979518,0.505891,0.0173933,0.146374,0.663157,0.246311,0.955373,1.29754,0.517844,0.396998,0.278475,0.807069,0.00756341,0.433867,0.28822,0.0816267,0.736152,0.952342,0.357724,1.21353,0.848224,0.668792,0.294067,0.241611,1.19333,0.369562,0,0.106946,0.453121,0.789053,0.395417,0.339427,0.2653,0.249339,0.615507,0.17708,1.24825,1.27054,0.808433,0.809986,0.47314,0.261313,0.46735,0.57759,0.481381,0.878891,0.387927,1.04824,0.347561,1.00604,0.260843,1.17415,0.841276,0.753981,0.386546,0.575514,0.0617193,0.517485,0.176886,0.373521,0.131368,0.428951,1.19411,0.616683,
0.911542,0.858926,0.379095,0.440372,1.04943,8.95032e-05,0.0194978,1.79633,0.137456,0.536849,0.526963,0.257919,0.830699,0.42654,0.918091,0.718101,0.589478,0.495798,1.03863,1.47061,0.229469,0.0561172,0.169663,0.578354,0.275598,0.186548,0.690241,0.483304,1.27327,0.101386,0.53705,0.190996,0.347039,0.209321,0.44019,1.31441,1.42393,0.816199,0.0386502,0.476433,1.11194,0.429599,1.41219,1.45705,0.748352,0.301547,0.609394,0.929039,0.150825,0.490072,0.252843,0.181201,0.610729,0.877751,0.68417,1.24471,0.800733,1.18394,0.229025,0.503292,1.69552,0.256626,0.106946,0,0.75862,0.750789,0.818146,0.380192,0.668927,0.545604,0.775732,0.503173,1.23021,1.44416,1.34268,1.28733,0.770045,0.43303,0.761039,0.94371,0.464398,1.43582,0.61931,1.31801,0.648998,1.32614,0.393186,1.50247,1.08063,1.22237,0.297579,1.0884,0.0242519,0.905844,0.440669,0.812336,0.43685,0.729299,1.27582,0.518248,
0.566991,0.0119648,0.185581,0.27225,0.0351939,0.746294,0.696852,0.424241,0.525857,0.0236661,0.254053,0.440175,0.00585672,0.200004,0.0117856,0.221044,0.215855,0.0381627,0.0428978,0.419687,0.413084,0.969089,0.242854,0.0244906,0.269801,0.223281,0.270347,0.105885,0.0991921,0.338539,0.0991197,0.331903,0.395995,0.408374,0.33428,0.165552,0.142782,0.00168431,0.565691,0.198341,0.0735379,0.05843,0.142057,0.351241,0.0228599,0.392726,0.0414539,0.167138,0.349871,0.158499,0.303351,0.218877,0.468892,0.449789,0.0122651,0.425989,0.375522,0.187952,0.356201,0.0359611,0.272987,0.433114,0.453121,0.75862,0,0.344713,0.0908471,0.179815,0.192871,0.0382337,0.082948,0.12315,0.500368,0.326984,0.217019,0.121591,0.000697626,0.0618045,0.000774234,0.0148233,0.257865,0.277606,0.0157781,0.166912,0.00866239,0.134571,0.0917922,0.209579,0.0981772,0.10295,0.381667,0.233025,0.77281,0.0226932,0.0713475,0.149393,0.164756,0.000376907,0.364409,0.401226,
0.0329554,0.471053,0.106772,0.912809,0.502666,0.747645,0.852497,1.2352,0.280258,0.29116,0.0286738,0.987542,0.293695,0.0753484,0.329414,0.0147013,0.912387,0.252429,0.564734,0.185761,0.920362,1.13623,0.493559,0.227804,0.757006,0.48137,1.04613,0.114264,0.633578,0.400253,0.100716,0.748069,1.01609,0.889217,0.0482171,0.265494,0.620589,0.335021,0.769975,0.814717,0.660462,0.264664,0.65524,0.205054,0.196329,0.116453,0.531091,0.0628111,0.709423,0.0705708,0.154916,0.396097,0.024336,0.0107737,0.445875,0.0849252,0.00137055,0.962945,0.168743,0.395521,0.84137,0.151076,0.789053,0.750789,0.344713,0,0.744135,0.109488,0.9088,0.46702,0.098485,0.683393,0.0778602,0.209904,0.98656,0.728452,0.319613,0.239447,0.31551,0.439512,0.0453306,1.09276,0.242127,0.266673,0.393211,0.340815,0.202338,0.397426,0.189696,0.706084,0.117993,1.06342,0.933971,0.522122,0.478853,0.87238,0.720999,0.344747,0.107042,0.0308089,
1.04136,0.0473469,0.435095,0.115718,0.0797006,0.803255,0.680919,0.274584,0.775581,0.130765,0.584547,0.283622,0.133683,0.47636,0.13051,0.566118,0.0542614,0.167607,0.0550008,0.812749,0.281194,0.895982,0.279966,0.170635,0.182,0.261881,0.0641031,0.33354,0.115784,0.453627,0.337029,0.262508,0.216967,0.289985,0.673667,0.41118,0.196227,0.103986,0.55113,0.0733201,0.0508798,0.181849,0.175108,0.70854,0.202091,0.701699,0.0301276,0.487355,0.304071,0.429126,0.555356,0.302205,0.884771,0.89219,0.0447159,0.854788,0.789753,0.0462025,0.616758,0.0868618,0.27691,0.732848,0.395417,0.818146,0.0908471,0.744135,0,0.425934,0.0328873,0.0547826,0.339452,0.0465258,0.957586,0.671919,0.0877565,0.0953034,0.106659,0.200565,0.108145,0.0766793,0.57452,0.12019,0.154975,0.412716,0.0653564,0.329206,0.257527,0.416316,0.339351,0.0761694,0.685555,0.0426656,0.739131,0.0383243,0.082838,0.00805175,0.0756175,0.0885098,0.762597,0.781038,
0.243132,0.277673,5.46204e-05,0.449196,0.359286,0.374896,0.418384,1.07484,0.115992,0.0918316,0.02731,0.48148,0.178244,0.00331538,0.224877,0.0691751,0.477787,0.0641808,0.389402,0.447202,0.430811,0.65463,0.146746,0.0731253,0.3196,0.13989,0.592427,0.0116895,0.513329,0.108045,0.0194067,0.307933,0.509814,0.407562,0.0347572,0.36174,0.566504,0.193215,0.343051,0.388681,0.46928,0.0560734,0.580029,0.431877,0.109247,0.0439963,0.239826,0.141897,0.281651,0.00787952,0.0210833,0.0941729,0.116279,0.185965,0.211293,0.328973,0.134934,0.677836,0.0367427,0.137524,0.800429,0.0597831,0.339427,0.380192,0.179815,0.109488,0.425934,0,0.493485,0.187082,0.086927,0.308251,0.343581,0.422958,0.747428,0.572013,0.17097,0.0455211,0.166162,0.288866,0.017535,0.847774,0.0902747,0.363856,0.172968,0.393679,0.0237655,0.499194,0.231227,0.53512,0.0401819,0.712444,0.483773,0.320986,0.170742,0.506209,0.319308,0.170911,0.330916,0.0704468,
1.2298,0.144784,0.502879,0.0330787,0.210286,0.654865,0.516233,0.408516,0.753038,0.19683,0.697956,0.145376,0.260948,0.560172,0.268787,0.722785,0.00370558,0.232661,0.170743,1.08953,0.150892,0.677991,0.225393,0.258099,0.096249,0.213573,0.00695288,0.422765,0.265945,0.402141,0.440314,0.159961,0.0922617,0.161797,0.76384,0.642952,0.379872,0.219974,0.408933,0.0190055,0.162271,0.230306,0.349345,0.979599,0.331455,0.748319,0.0628891,0.679246,0.200629,0.527785,0.585356,0.269979,1.01346,1.07972,0.110663,1.1045,0.964141,0.110207,0.638232,0.124759,0.471098,0.762531,0.2653,0.668927,0.192871,0.9088,0.0328873,0.493485,0,0.0871264,0.493334,0.0252837,1.20461,0.939658,0.179791,0.229013,0.216106,0.254759,0.216531,0.198144,0.671442,0.209482,0.248252,0.644986,0.134583,0.548745,0.310411,0.660265,0.538444,0.201062,0.731196,0.0658459,0.557966,0.135155,0.0903798,0.0131037,0.0323454,0.184389,1.01526,0.890063,
0.724503,0.0453209,0.19334,0.114107,0.106392,0.533724,0.463965,0.513131,0.445891,0.022806,0.315554,0.226451,0.0725772,0.226271,0.0909607,0.329539,0.091294,0.0368146,0.0977236,0.669698,0.207282,0.686908,0.115636,0.0476559,0.108373,0.102306,0.140326,0.134421,0.194509,0.218697,0.143103,0.154192,0.195592,0.204802,0.372972,0.35521,0.277198,0.0555829,0.352891,0.0690753,0.124539,0.0393386,0.265883,0.592143,0.0927691,0.384996,0.00369594,0.312729,0.171939,0.19971,0.273493,0.115828,0.555891,0.601718,0.0105427,0.64623,0.509886,0.190026,0.318884,0.00396452,0.423881,0.40801,0.249339,0.545604,0.0382337,0.46702,0.0547826,0.187082,0.0871264,0,0.182754,0.0280697,0.720544,0.56322,0.251468,0.19926,0.0472871,0.0492923,0.0461916,0.0751588,0.301091,0.311181,0.0450605,0.357177,0.0105544,0.309224,0.0790653,0.414313,0.248862,0.170088,0.372407,0.191136,0.524372,0.055701,0.00672043,0.0843379,0.0466617,0.0317699,0.585484,0.463617,
0.231025,0.149165,0.0888472,0.5556,0.166217,0.767095,0.792642,0.720348,0.388511,0.083073,0.0769724,0.701988,0.0547882,0.0774296,0.0710312,0.0382591,0.513514,0.0737522,0.203773,0.190352,0.653377,1.09294,0.337577,0.0476368,0.483643,0.318985,0.607676,0.0406782,0.25611,0.347524,0.0261859,0.519783,0.685964,0.635751,0.138428,0.0984129,0.264013,0.0750079,0.673861,0.459997,0.266352,0.0960366,0.28251,0.162555,0.0189543,0.216462,0.213863,0.0188674,0.512415,0.0471877,0.189167,0.272231,0.190898,0.15524,0.14777,0.156173,0.113346,0.484666,0.227935,0.14687,0.435274,0.260449,0.615507,0.775732,0.082948,0.098485,0.339452,0.086927,0.493334,0.182754,0,0.346901,0.195593,0.152201,0.502952,0.317507,0.0694527,0.0845281,0.0679478,0.128652,0.0920031,0.586666,0.047472,0.0995605,0.120512,0.119481,0.0847554,0.179898,0.0360993,0.299554,0.211262,0.569123,0.878,0.178848,0.214682,0.440113,0.394561,0.0851271,0.130777,0.162078,
0.976123,0.109334,0.315741,0.0305973,0.188405,0.490849,0.38923,0.529366,0.526122,0.0968552,0.485751,0.117097,0.181415,0.364957,0.201678,0.524383,0.0208172,0.117914,0.162017,0.934363,0.109981,0.567603,0.110513,0.144608,0.0467361,0.100599,0.0515291,0.259443,0.275676,0.240989,0.277988,0.0909369,0.0849323,0.113048,0.535343,0.550598,0.385824,0.150691,0.289323,0.00935012,0.174971,0.110805,0.363349,0.842382,0.219895,0.517123,0.0225038,0.515315,0.116196,0.343341,0.379166,0.136562,0.761055,0.842571,0.0593093,0.910718,0.73555,0.178231,0.423382,0.0461877,0.519992,0.529182,0.17708,0.503173,0.12315,0.683393,0.0465258,0.308251,0.0252837,0.0280697,0.346901,0,0.993139,0.807867,0.256471,0.258373,0.140678,0.128536,0.13958,0.158999,0.459124,0.30517,0.142326,0.552844,0.0690285,0.481934,0.16673,0.601869,0.42822,0.225118,0.502413,0.144225,0.435868,0.112709,0.0217196,0.0461524,0.00421789,0.112985,0.841189,0.64794,
0.0548653,0.617136,0.340521,1.28659,0.588176,1.22677,1.34769,1.19804,0.62314,0.512395,0.193005,1.43496,0.413707,0.285757,0.426097,0.110659,1.23588,0.479636,0.666396,0.0486121,1.36483,1.66818,0.877157,0.42168,1.15651,0.857202,1.36012,0.315671,0.665879,0.785748,0.280864,1.17333,1.43963,1.33451,0.244306,0.206598,0.596497,0.468614,1.24567,1.15822,0.755158,0.51679,0.642305,0.0786141,0.324683,0.372915,0.775348,0.096764,1.14026,0.259147,0.43885,0.756576,0.15215,0.0434669,0.647652,0.00569914,0.0611973,1.09066,0.462186,0.649295,0.763733,0.428998,1.24825,1.23021,0.500368,0.0778602,0.957586,0.343581,1.20461,0.720544,0.195593,0.993139,0,0.08967,1.06295,0.774485,0.466164,0.485147,0.464359,0.549583,0.234711,1.15652,0.424924,0.20672,0.596625,0.29409,0.453453,0.298585,0.198778,0.770735,0.376483,1.24347,1.44179,0.661941,0.770307,1.11217,1.06023,0.510603,0.0233446,0.194169,
0.257414,0.383744,0.424071,1.10545,0.317889,1.43553,1.48865,0.711532,0.86438,0.414147,0.311631,1.34798,0.24808,0.379037,0.233297,0.180229,0.996896,0.41111,0.379282,0.0102317,1.29428,1.83702,0.888318,0.33912,1.0637,0.859526,1.08012,0.335259,0.336493,0.893705,0.291495,1.13217,1.30208,1.27695,0.413797,0.0389392,0.264874,0.288437,1.34605,0.968307,0.434167,0.467058,0.299824,0.000659192,0.219737,0.574265,0.583612,0.0798067,1.1304,0.32051,0.589677,0.789124,0.366229,0.200671,0.45778,0.0517879,0.198798,0.702783,0.639666,0.525419,0.364521,0.647058,1.27054,1.44416,0.326984,0.209904,0.671919,0.422958,0.939658,0.56322,0.152201,0.807867,0.08967,0,0.650318,0.418865,0.300165,0.445774,0.301668,0.312751,0.361353,0.717634,0.324627,0.0386198,0.431183,0.0804804,0.450914,0.0681858,0.0701019,0.426469,0.572366,0.860297,1.59074,0.406072,0.64607,0.810386,0.895362,0.343118,0.0236275,0.389192,
1.27661,0.12934,0.75857,0.359574,0.0982108,1.32521,1.17448,0.0539875,1.24452,0.344235,0.880449,0.622152,0.241294,0.789858,0.205834,0.789716,0.233584,0.402391,0.072978,0.805866,0.629814,1.41239,0.651354,0.376137,0.497378,0.624087,0.208231,0.601812,0.0590735,0.879882,0.586491,0.622378,0.51169,0.647506,1.01624,0.39153,0.0988633,0.211609,1.0157,0.29714,0.0413164,0.443003,0.0782537,0.688585,0.351574,1.09906,0.199285,0.620913,0.685748,0.711523,0.945056,0.673547,1.202,1.11409,0.189585,0.937211,1.02194,0.00882673,1.02559,0.304601,0.0944322,1.15171,0.808433,1.34268,0.217019,0.98656,0.0877565,0.747428,0.179791,0.251468,0.502952,0.256471,1.06295,0.650318,0,0.0296875,0.231494,0.463774,0.236508,0.133129,0.891289,0.00396849,0.342916,0.392019,0.226669,0.290975,0.545069,0.329071,0.392195,0.0308406,1.08157,0.0389473,1.24073,0.101625,0.322289,0.0988944,0.314452,0.224892,0.817838,1.11388,
0.981754,0.064572,0.58142,0.409933,0.0280906,1.27096,1.1594,0.0981784,1.07697,0.241389,0.659364,0.677607,0.125139,0.597943,0.0944865,0.558822,0.284647,0.287685,0.0211055,0.5499,0.67101,1.43579,0.594619,0.25143,0.510241,0.565953,0.285019,0.434313,0.00506001,0.782558,0.412877,0.626973,0.578107,0.681174,0.79264,0.211757,0.0247896,0.109596,0.996445,0.327956,0.00919748,0.332461,0.0155459,0.450818,0.207665,0.894469,0.162354,0.401501,0.677873,0.521449,0.770079,0.590475,0.938527,0.834182,0.127252,0.662581,0.756157,0.0454412,0.847312,0.233443,0.049927,0.953485,0.809986,1.28733,0.121591,0.728452,0.0953034,0.572013,0.229013,0.19926,0.317507,0.258373,0.774485,0.418865,0.0296875,0,0.127634,0.344778,0.131907,0.0533373,0.678276,0.0504051,0.221661,0.212168,0.150936,0.138696,0.412027,0.171161,0.21426,0.00125178,0.879543,0.104146,1.2374,0.0478876,0.27421,0.136004,0.324662,0.131115,0.558515,0.869155,
0.534338,0.0165012,0.176465,0.297399,0.0372397,0.757919,0.714457,0.436605,0.51943,0.0250403,0.236762,0.46724,0.00274257,0.18818,0.00865759,0.200708,0.239989,0.0380242,0.0478229,0.388647,0.438263,0.99164,0.25389,0.0221491,0.290581,0.234007,0.297453,0.0975665,0.101667,0.343676,0.0894228,0.351975,0.424101,0.432577,0.317139,0.148173,0.140791,0.000878161,0.582812,0.220359,0.0808068,0.0594422,0.141915,0.323282,0.0161316,0.37954,0.0523099,0.146916,0.368321,0.146523,0.295349,0.225823,0.443848,0.420007,0.0186528,0.393974,0.348744,0.204905,0.347763,0.042463,0.27293,0.421187,0.47314,0.770045,0.000697626,0.319613,0.106659,0.17097,0.216106,0.0472871,0.0694527,0.140678,0.466164,0.300165,0.231494,0.127634,0,0.0614791,3.87683e-05,0.016325,0.242335,0.293721,0.0136425,0.149487,0.0132952,0.121398,0.08957,0.193865,0.0832219,0.109602,0.368935,0.255073,0.791998,0.0285035,0.0818423,0.169658,0.184021,0.00157555,0.334635,0.380013,
0.437739,0.116228,0.0487029,0.247663,0.187882,0.424247,0.412198,0.763653,0.240343,0.010053,0.122593,0.323608,0.0772474,0.0663358,0.11019,0.14943,0.249517,0.00287118,0.199736,0.511756,0.287347,0.649502,0.0906951,0.0119976,0.177838,0.0801327,0.33392,0.0239952,0.311287,0.122637,0.031761,0.195703,0.322074,0.273971,0.156496,0.310509,0.37914,0.0768974,0.316072,0.192339,0.254819,0.000679942,0.380831,0.464867,0.0516596,0.169266,0.0784358,0.177018,0.191114,0.0546177,0.101766,0.0626063,0.289471,0.346119,0.0656763,0.439898,0.27386,0.397928,0.133191,0.0254076,0.573887,0.189814,0.261313,0.43303,0.0618045,0.239447,0.200565,0.0455211,0.254759,0.0492923,0.0845281,0.128536,0.485147,0.445774,0.463774,0.344778,0.0614791,0,0.0584838,0.136051,0.110946,0.546011,0.0193048,0.312576,0.0457064,0.304324,0.00385196,0.410985,0.190639,0.311325,0.160971,0.41819,0.477298,0.143916,0.0453224,0.258269,0.144624,0.0541984,0.410062,0.219965,
0.529728,0.0176892,0.171594,0.295726,0.0396401,0.748995,0.706491,0.444083,0.511098,0.023244,0.232004,0.463396,0.00303009,0.183376,0.00962872,0.197403,0.23973,0.0356799,0.0503595,0.389509,0.434151,0.983042,0.24886,0.020348,0.287173,0.229186,0.298013,0.0940264,0.105612,0.33706,0.0862307,0.347494,0.421306,0.428235,0.311277,0.1503,0.145339,0.0012796,0.575626,0.219071,0.084002,0.0565584,0.14654,0.324663,0.015328,0.372609,0.051885,0.145621,0.363271,0.142436,0.288948,0.220635,0.437974,0.41598,0.0185789,0.392866,0.344739,0.208995,0.340859,0.0407992,0.279215,0.413798,0.46735,0.761039,0.000774234,0.31551,0.108145,0.166162,0.216531,0.0461916,0.0679478,0.13958,0.464359,0.301668,0.236508,0.131907,3.87683e-05,0.0584838,0,0.0179142,0.237207,0.299339,0.0122397,0.151633,0.0127912,0.124163,0.0859225,0.197459,0.0840007,0.113495,0.362069,0.258618,0.78383,0.0301374,0.0798519,0.171207,0.182327,0.00145622,0.3343,0.374077,
0.67024,0.00482918,0.295831,0.317677,0.00436427,0.929881,0.861865,0.290723,0.700646,0.0747666,0.361962,0.526448,0.0167184,0.308971,0.00927487,0.301061,0.234239,0.0999063,0.00920291,0.417416,0.504896,1.14393,0.354698,0.0758713,0.349306,0.331223,0.272157,0.190803,0.0376967,0.480808,0.177383,0.431847,0.462128,0.504764,0.463044,0.139994,0.0694262,0.0102402,0.71661,0.237046,0.0266334,0.130461,0.0671111,0.33925,0.0550382,0.541655,0.0651878,0.208402,0.460835,0.25384,0.442398,0.334213,0.597215,0.542496,0.0296264,0.462111,0.46824,0.122182,0.504652,0.0841134,0.164606,0.590566,0.57759,0.94371,0.0148233,0.439512,0.0766793,0.288866,0.198144,0.0751588,0.128652,0.158999,0.549583,0.312751,0.133129,0.0533373,0.016325,0.136051,0.0179142,0,0.372864,0.181357,0.0594566,0.140987,0.0345284,0.0966004,0.178604,0.154974,0.0993228,0.042239,0.529387,0.177233,0.941064,0.00671123,0.125371,0.133296,0.211775,0.0189903,0.385853,0.531109,
0.13409,0.375399,0.015978,0.629485,0.446544,0.460655,0.53595,1.2054,0.125746,0.16885,0.00225697,0.660682,0.238444,0.00602851,0.286011,0.0335652,0.65791,0.132534,0.490219,0.361053,0.601632,0.78428,0.255461,0.13255,0.476241,0.248243,0.786023,0.036733,0.602985,0.182487,0.0388118,0.456998,0.697453,0.573537,0.00545357,0.351872,0.63451,0.264678,0.464619,0.557623,0.581204,0.128143,0.656936,0.363765,0.149788,0.0292823,0.363428,0.112428,0.421365,0.012701,0.035146,0.184176,0.0445928,0.0958985,0.3155,0.234459,0.0618751,0.832841,0.0458753,0.238547,0.875816,0.0486962,0.481381,0.464398,0.257865,0.0453306,0.57452,0.017535,0.671442,0.301091,0.0920031,0.459124,0.234711,0.361353,0.891289,0.678276,0.242335,0.110946,0.237207,0.372864,0,0.998207,0.151709,0.353753,0.268251,0.405976,0.0779455,0.498172,0.232915,0.64428,0.028146,0.888866,0.605624,0.425126,0.288727,0.673763,0.475774,0.250964,0.250671,0.0192731,
1.38716,0.177589,0.859471,0.400313,0.139315,1.41793,1.25577,0.035553,1.35763,0.417164,0.986517,0.671731,0.303934,0.892509,0.263287,0.889162,0.266698,0.480396,0.109987,0.879212,0.684068,1.48498,0.731652,0.452764,0.555267,0.703762,0.230694,0.694617,0.0864314,0.974712,0.678319,0.686923,0.553903,0.704565,1.12778,0.44989,0.124887,0.271252,1.0958,0.340452,0.0702178,0.523198,0.101899,0.757178,0.425284,1.21271,0.252188,0.707157,0.755522,0.810347,1.05244,0.759807,1.31731,1.22114,0.245249,1.02579,1.12814,0.0180159,1.13547,0.371088,0.10176,1.26623,0.878891,1.43582,0.277606,1.09276,0.12019,0.847774,0.209482,0.311181,0.586666,0.30517,1.15652,0.717634,0.00396849,0.0504051,0.293721,0.546011,0.299339,0.181357,0.998207,0,0.416685,0.450248,0.287344,0.341432,0.633048,0.373647,0.460128,0.0543242,1.19464,0.045682,1.31958,0.145005,0.386117,0.124639,0.364508,0.286408,0.900421,1.22793,
0.442082,0.0539064,0.094429,0.291572,0.0953918,0.608871,0.586462,0.590704,0.373123,0.00599575,0.152008,0.42152,0.0196286,0.105839,0.038026,0.14119,0.259911,0.00803584,0.109945,0.3985,0.386815,0.852879,0.179238,0.00104015,0.250643,0.163156,0.333608,0.040877,0.187942,0.236202,0.0384244,0.291587,0.398454,0.376422,0.211697,0.190146,0.235444,0.0211036,0.469718,0.220406,0.156039,0.0200443,0.238964,0.34474,0.0109897,0.256204,0.0633088,0.124663,0.296531,0.0775165,0.185083,0.146262,0.333086,0.340726,0.0339108,0.367166,0.271965,0.3009,0.227687,0.0284835,0.399581,0.289864,0.387927,0.61931,0.0157781,0.242127,0.154975,0.0902747,0.248252,0.0450605,0.047472,0.142326,0.424924,0.324627,0.342916,0.221661,0.0136425,0.0193048,0.0122397,0.0594566,0.151709,0.416685,0,0.191763,0.0197629,0.177511,0.0342377,0.26332,0.102218,0.197098,0.247113,0.343491,0.660629,0.0746864,0.0637571,0.221093,0.175406,0.013328,0.323591,0.270599,
0.383498,0.193863,0.367514,0.814883,0.140077,1.30671,1.31198,0.470813,0.833891,0.260846,0.313435,1.06873,0.112407,0.341021,0.0947542,0.192169,0.701538,0.271595,0.182503,0.0869301,1.02664,1.65218,0.704828,0.210276,0.810279,0.675505,0.765391,0.260628,0.153101,0.764259,0.223639,0.893571,1.00733,1.0165,0.426356,3.73821e-06,0.111139,0.136734,1.15848,0.690618,0.221097,0.324268,0.133519,0.0492446,0.114546,0.570776,0.36264,0.0767585,0.906681,0.276688,0.542598,0.631391,0.441123,0.295923,0.262094,0.145232,0.26847,0.430597,0.602064,0.338777,0.199507,0.64073,1.04824,1.31801,0.166912,0.266673,0.412716,0.363856,0.644986,0.357177,0.0995605,0.552844,0.20672,0.0386198,0.392019,0.212168,0.149487,0.312576,0.151633,0.140987,0.353753,0.450248,0.191763,0,0.248879,0.008366,0.335745,0.0144014,0.0167918,0.216231,0.56471,0.560918,1.41059,0.206437,0.43762,0.526201,0.63515,0.18077,0.0937272,0.434023,
0.632979,0.0187752,0.178971,0.18885,0.0604119,0.636853,0.577925,0.461448,0.4782,0.013316,0.273181,0.330552,0.0280722,0.202224,0.0401524,0.262722,0.148548,0.0274558,0.06047,0.530599,0.306978,0.827945,0.172726,0.0254867,0.184222,0.156082,0.20101,0.109183,0.136648,0.27178,0.109803,0.238547,0.292826,0.303218,0.342624,0.24722,0.199119,0.0178664,0.455908,0.128365,0.0896823,0.0392492,0.193418,0.457714,0.0462736,0.379047,0.0142525,0.226791,0.256294,0.167835,0.278991,0.159991,0.500674,0.512796,0.00206578,0.522175,0.429893,0.181851,0.328389,0.0110143,0.338334,0.411259,0.347561,0.648998,0.00866239,0.393211,0.0653564,0.172968,0.134583,0.0105544,0.120512,0.0690285,0.596625,0.431183,0.226669,0.150936,0.0132952,0.0457064,0.0127912,0.0345284,0.268251,0.287344,0.0197629,0.248879,0,0.209235,0.0755024,0.299093,0.160647,0.1271,0.367236,0.206185,0.646826,0.029548,0.0310442,0.110512,0.0997523,0.00574154,0.460973,0.421048,
0.485904,0.143396,0.398617,0.728178,0.0890931,1.31354,1.29466,0.362658,0.88518,0.239262,0.368202,0.993354,0.0896693,0.379643,0.0676401,0.245581,0.607579,0.258167,0.1225,0.146474,0.958019,1.62894,0.68018,0.199367,0.74747,0.650074,0.658343,0.27949,0.0916637,0.768362,0.244051,0.840783,0.921408,0.952118,0.489162,0.00833879,0.0591616,0.10658,1.13544,0.609235,0.150506,0.311404,0.075733,0.0955319,0.10959,0.63019,0.30516,0.115793,0.862549,0.310404,0.582349,0.619129,0.528632,0.384531,0.214649,0.22064,0.347224,0.328116,0.647168,0.301835,0.132493,0.700157,1.00604,1.32614,0.134571,0.340815,0.329206,0.393679,0.548745,0.309224,0.119481,0.481934,0.29409,0.0804804,0.290975,0.138696,0.121398,0.304324,0.124163,0.0966004,0.405976,0.341432,0.177511,0.008366,0.209235,0,0.337664,0.0089614,0.0260708,0.143246,0.622226,0.448121,1.39121,0.149547,0.391934,0.430412,0.563811,0.148293,0.156711,0.50997,
0.384871,0.159134,0.0260599,0.287909,0.237124,0.385448,0.38843,0.858906,0.188764,0.0257882,0.0905414,0.346613,0.104461,0.0409258,0.142663,0.125773,0.300498,0.0123777,0.253216,0.505732,0.306491,0.622526,0.0889508,0.0234485,0.199531,0.0799553,0.393934,0.0138364,0.372219,0.100371,0.0228563,0.207289,0.355122,0.290263,0.114812,0.333605,0.43908,0.107694,0.29974,0.233086,0.315696,0.00697924,0.443493,0.467404,0.0659557,0.122868,0.115476,0.170025,0.196136,0.0352483,0.0667145,0.0553029,0.236756,0.302765,0.100794,0.417227,0.23517,0.475218,0.0929397,0.0478496,0.647791,0.140686,0.260843,0.393186,0.0917922,0.202338,0.257527,0.0237655,0.310411,0.0790653,0.0847554,0.16673,0.453453,0.450914,0.545069,0.412027,0.08957,0.00385196,0.0859225,0.178604,0.0779455,0.633048,0.0342377,0.335745,0.0755024,0.337664,0,0.446855,0.206889,0.37655,0.115761,0.496373,0.452663,0.191617,0.0692476,0.31996,0.179537,0.0832154,0.396887,0.172098,
0.524182,0.21303,0.504084,0.865479,0.138323,1.48979,1.47416,0.359583,1.02439,0.336847,0.452454,1.154,0.153895,0.478045,0.123576,0.307519,0.728201,0.35845,0.175949,0.129321,1.11882,1.81623,0.828129,0.289098,0.896008,0.795633,0.773603,0.373964,0.12125,0.918882,0.331762,0.998124,1.07357,1.11373,0.583731,0.0147387,0.0705747,0.174515,1.30964,0.738129,0.20004,0.419715,0.09019,0.081355,0.178349,0.743546,0.406066,0.156338,1.02247,0.401596,0.703786,0.761157,0.601582,0.42641,0.303036,0.224346,0.397974,0.383416,0.771634,0.408279,0.122734,0.820062,1.17415,1.50247,0.209579,0.397426,0.416316,0.499194,0.660265,0.414313,0.179898,0.601869,0.298585,0.0681858,0.329071,0.171161,0.193865,0.410985,0.197459,0.154974,0.498172,0.373647,0.26332,0.0144014,0.299093,0.0089614,0.446855,0,0.0559716,0.182176,0.736189,0.51895,1.57362,0.216239,0.509372,0.524052,0.692881,0.226653,0.158373,0.594289,
0.321722,0.137708,0.234512,0.667365,0.113101,1.06999,1.07801,0.529114,0.641539,0.156252,0.203392,0.881902,0.0564518,0.215892,0.0518596,0.115141,0.580906,0.160636,0.151833,0.119103,0.838123,1.40451,0.52522,0.114023,0.639989,0.499853,0.655282,0.148059,0.156344,0.57153,0.120484,0.706884,0.836318,0.825707,0.298008,0.0162996,0.137274,0.0775523,0.93572,0.554853,0.198534,0.201282,0.156891,0.0818432,0.0468743,0.415424,0.262942,0.0353442,0.713612,0.163931,0.382412,0.457242,0.335026,0.234561,0.178087,0.142872,0.198189,0.406833,0.43523,0.225493,0.258328,0.475329,0.841276,1.08063,0.0981772,0.189696,0.339351,0.231227,0.538444,0.248862,0.0360993,0.42822,0.198778,0.0701019,0.392195,0.21426,0.0832219,0.190639,0.0840007,0.0993228,0.232915,0.460128,0.102218,0.0167918,0.160647,0.0260708,0.206889,0.0559716,0,0.209161,0.409177,0.516963,1.17185,0.156136,0.31039,0.445946,0.496857,0.107239,0.0986864,0.315781,
0.963155,0.0496202,0.544408,0.370712,0.0210885,1.20621,1.09573,0.11529,1.02359,0.212841,0.628267,0.627561,0.109835,0.562966,0.0828004,0.536718,0.252834,0.25729,0.013232,0.557452,0.620402,1.36854,0.545756,0.224995,0.464476,0.518173,0.256272,0.403021,0.00644428,0.729725,0.384123,0.576615,0.532508,0.629884,0.756462,0.215686,0.0322718,0.0935219,0.935889,0.291839,0.00369048,0.29879,0.0223611,0.458666,0.188918,0.851007,0.135666,0.389283,0.625655,0.489901,0.725571,0.542912,0.908068,0.815873,0.104679,0.660509,0.73555,0.0400971,0.800927,0.202758,0.0665473,0.907297,0.753981,1.22237,0.10295,0.706084,0.0761694,0.53512,0.201062,0.170088,0.299554,0.225118,0.770735,0.426469,0.0308406,0.00125178,0.109602,0.311325,0.113495,0.042239,0.64428,0.0543242,0.197098,0.216231,0.1271,0.143246,0.37655,0.182176,0.209161,0,0.836057,0.0934701,1.17249,0.0346245,0.239866,0.115187,0.287704,0.111171,0.558603,0.835548,
0.20123,0.514475,0.0375005,0.629542,0.619543,0.295997,0.381001,1.44682,0.037094,0.245056,0.0441118,0.59383,0.377083,0.0354936,0.440497,0.119999,0.697632,0.198923,0.65825,0.562453,0.535175,0.584274,0.215687,0.218542,0.447079,0.215463,0.833802,0.0925472,0.807438,0.115074,0.10697,0.4005,0.655375,0.504537,0.0158102,0.562355,0.862472,0.400089,0.337529,0.579734,0.756644,0.177434,0.881811,0.573437,0.271235,0.000121653,0.445585,0.249467,0.354646,0.0621085,0.0101915,0.153098,0.067478,0.176387,0.41974,0.391473,0.13945,0.996416,0.00690081,0.303391,1.13164,0.00283339,0.386546,0.297579,0.381667,0.117993,0.685555,0.0401819,0.731196,0.372407,0.211262,0.502413,0.376483,0.572366,1.08157,0.879543,0.368935,0.160971,0.362069,0.529387,0.028146,1.19464,0.247113,0.56471,0.367236,0.622226,0.115761,0.736189,0.409177,0.836057,0,1.02312,0.436942,0.570679,0.332954,0.770724,0.497751,0.368764,0.423784,0.0346252,
1.38584,0.146409,0.723789,0.187471,0.156588,1.07162,0.906267,0.157635,1.11469,0.314984,0.896765,0.389461,0.284826,0.772721,0.264345,0.856458,0.0990389,0.370134,0.116912,1.02639,0.402885,1.09803,0.491125,0.369162,0.31366,0.470485,0.0731943,0.592068,0.14807,0.719641,0.592725,0.418887,0.296083,0.421466,1.00676,0.559761,0.227532,0.243764,0.768657,0.152988,0.0852479,0.39183,0.197469,0.902533,0.392862,1.04182,0.142728,0.731434,0.479432,0.711367,0.869012,0.534726,1.2386,1.21984,0.1679,1.12048,1.11078,0.0129006,0.940673,0.247236,0.248233,1.0765,0.575514,1.0884,0.233025,1.06342,0.0426656,0.712444,0.0658459,0.191136,0.569123,0.144225,1.24347,0.860297,0.0389473,0.104146,0.255073,0.41819,0.258618,0.177233,0.888866,0.045682,0.343491,0.560918,0.206185,0.448121,0.496373,0.51895,0.516963,0.0934701,1.02312,0,0.957844,0.120673,0.233393,0.027795,0.178337,0.23359,1.00507,1.12668,
1.1372,0.84337,0.484593,0.335645,1.03703,0.0227135,0.00275741,1.68353,0.253789,0.562555,0.674608,0.159185,0.863486,0.545832,0.945293,0.870419,0.479111,0.53395,1.00965,1.64416,0.143268,0.0155841,0.168187,0.623958,0.208479,0.185196,0.55676,0.574364,1.24532,0.14356,0.632691,0.13588,0.234552,0.13027,0.595333,1.4069,1.41452,0.83575,0.0193212,0.385981,1.06474,0.465832,1.39226,1.61051,0.809249,0.443775,0.572997,1.06477,0.108877,0.604687,0.36383,0.203111,0.806983,1.08438,0.669056,1.43957,0.991796,1.07658,0.34598,0.500382,1.66032,0.395496,0.0617193,0.0242519,0.77281,0.933971,0.739131,0.483773,0.557966,0.524372,0.878,0.435868,1.44179,1.59074,1.24073,1.2374,0.791998,0.477298,0.78383,0.941064,0.605624,1.31958,0.660629,1.41059,0.646826,1.39121,0.452663,1.57362,1.17185,1.17249,0.436942,0.957844,0,0.879722,0.41876,0.708454,0.364749,0.742413,1.45292,0.695155,
0.774803,0.00172178,0.328709,0.246359,0.0100403,0.891528,0.806026,0.267076,0.720196,0.0786516,0.420078,0.446281,0.0366346,0.350277,0.0298468,0.370192,0.167692,0.107917,0.00599667,0.522823,0.430491,1.07073,0.324346,0.0913255,0.289981,0.302131,0.196847,0.222842,0.0431692,0.466872,0.214078,0.373411,0.379925,0.433208,0.519253,0.20529,0.0891618,0.0230925,0.663663,0.176211,0.0165898,0.134279,0.0811603,0.435886,0.0851063,0.584247,0.0407268,0.279335,0.406831,0.296501,0.469779,0.316576,0.677365,0.639246,0.0195637,0.568678,0.556018,0.0822317,0.532656,0.0720835,0.179297,0.628602,0.517485,0.905844,0.0226932,0.522122,0.0383243,0.320986,0.135155,0.055701,0.178848,0.112709,0.661941,0.406072,0.101625,0.0478876,0.0285035,0.143916,0.0301374,0.00671123,0.425126,0.145005,0.0746864,0.206437,0.029548,0.149547,0.191617,0.216239,0.156136,0.0346245,0.570679,0.120673,0.879722,0,0.100417,0.0808313,0.159305,0.0251132,0.486468,0.599602,
0.736838,0.0865231,0.176507,0.0878278,0.165413,0.429716,0.364251,0.613474,0.377521,0.0317584,0.310182,0.168282,0.113396,0.213729,0.140038,0.346611,0.0845841,0.040918,0.154327,0.748982,0.148884,0.568193,0.068259,0.0616338,0.0669604,0.0582303,0.138629,0.134045,0.270728,0.158494,0.148973,0.0996382,0.149521,0.145013,0.352599,0.435388,0.366164,0.0946937,0.265518,0.0530019,0.185451,0.03495,0.353263,0.674665,0.124958,0.345187,0.0160682,0.355055,0.112379,0.196808,0.234523,0.0725306,0.543975,0.619158,0.0338109,0.702726,0.52471,0.24666,0.273495,0.00729306,0.529223,0.360223,0.176886,0.440669,0.0713475,0.478853,0.082838,0.170742,0.0903798,0.00672043,0.214682,0.0217196,0.770307,0.64607,0.322289,0.27421,0.0818423,0.0453224,0.0798519,0.125371,0.288727,0.386117,0.0637571,0.43762,0.0310442,0.391934,0.0692476,0.509372,0.31039,0.239866,0.332954,0.233393,0.41876,0.100417,0,0.106076,0.0299807,0.0618005,0.649351,0.446812,
1.18685,0.0939614,0.516025,0.0858005,0.134541,0.797232,0.657808,0.288057,0.834944,0.185027,0.689863,0.240817,0.204508,0.565639,0.201704,0.683333,0.0303746,0.225906,0.100416,0.961546,0.245103,0.848174,0.294004,0.236859,0.164974,0.27767,0.0295748,0.415297,0.168437,0.482627,0.423697,0.245088,0.172921,0.257017,0.775244,0.524545,0.262412,0.167574,0.534136,0.0560332,0.0882872,0.235421,0.235404,0.849857,0.283257,0.787952,0.0542626,0.607321,0.290921,0.520686,0.627985,0.330054,1.00775,1.03241,0.084416,1.00509,0.922549,0.0495431,0.688816,0.124301,0.334182,0.813472,0.373521,0.812336,0.149393,0.87238,0.00805175,0.506209,0.0131037,0.0843379,0.440113,0.0461524,1.11217,0.810386,0.0988944,0.136004,0.169658,0.258269,0.171207,0.133296,0.673763,0.124639,0.221093,0.526201,0.110512,0.430412,0.31996,0.524052,0.445946,0.115187,0.770724,0.027795,0.708454,0.0808313,0.106076,0,0.0679351,0.145283,0.908106,0.893667,
1.01602,0.154307,0.32655,0.0155737,0.246742,0.425173,0.32375,0.606775,0.496801,0.121269,0.508192,0.0775144,0.230317,0.380039,0.256203,0.564204,0.0203278,0.139674,0.217063,1.0208,0.0715215,0.483778,0.088901,0.174473,0.0236993,0.0816116,0.0523543,0.281894,0.34498,0.212834,0.30554,0.0586575,0.0535243,0.0742054,0.546625,0.632709,0.465879,0.197213,0.233844,0.00373951,0.231416,0.125915,0.441322,0.930033,0.264657,0.512355,0.0439736,0.572943,0.081181,0.365528,0.373034,0.120194,0.781122,0.885549,0.0909591,0.981962,0.775822,0.225406,0.412567,0.0638496,0.609,0.517864,0.131368,0.43685,0.164756,0.720999,0.0756175,0.319308,0.0323454,0.0466617,0.394561,0.00421789,1.06023,0.895362,0.314452,0.324662,0.184021,0.144624,0.182327,0.211775,0.475774,0.364508,0.175406,0.63515,0.0997523,0.563811,0.179537,0.692881,0.496857,0.287704,0.497751,0.178337,0.364749,0.159305,0.0299807,0.0679351,0,0.152198,0.916879,0.66323,
0.56886,0.0137182,0.17662,0.257174,0.0413416,0.717113,0.667714,0.439729,0.506173,0.0186156,0.24893,0.418283,0.0084621,0.192397,0.0162676,0.221227,0.205104,0.0322635,0.0481684,0.435872,0.391284,0.936013,0.224708,0.0210372,0.251866,0.205847,0.260539,0.100242,0.109371,0.318586,0.0950282,0.311323,0.376536,0.386367,0.326048,0.17934,0.156535,0.00360218,0.538927,0.185692,0.0795889,0.0505505,0.155219,0.367529,0.0240399,0.379839,0.0360443,0.172789,0.328433,0.152931,0.289691,0.202076,0.464019,0.452036,0.00976059,0.437203,0.376546,0.192227,0.341338,0.0290477,0.290628,0.418418,0.428951,0.729299,0.000376907,0.344747,0.0885098,0.170911,0.184389,0.0317699,0.0851271,0.112985,0.510603,0.343118,0.224892,0.131115,0.00157555,0.0541984,0.00145622,0.0189903,0.250964,0.286408,0.013328,0.18077,0.00574154,0.148293,0.0832154,0.226653,0.107239,0.111171,0.368764,0.23359,0.742413,0.0251132,0.0618005,0.145283,0.152198,0,0.376782,0.39454,
0.12784,0.452191,0.330074,1.13433,0.410076,1.26958,1.35444,0.928932,0.689006,0.409157,0.206894,1.32694,0.284583,0.282303,0.285375,0.104906,1.05771,0.391033,0.478742,0.0112515,1.26476,1.69094,0.819624,0.328481,1.04627,0.795515,1.16323,0.274393,0.463698,0.778176,0.236688,1.08797,1.30745,1.24077,0.282542,0.0937162,0.398514,0.331058,1.23129,1.00264,0.551706,0.435955,0.437993,0.0193671,0.225514,0.423313,0.623901,0.0517571,1.07042,0.240732,0.460166,0.711132,0.220602,0.0907672,0.499995,0.00601245,0.0951648,0.853269,0.497029,0.53088,0.538676,0.486771,1.19411,1.27582,0.364409,0.107042,0.762597,0.330916,1.01526,0.585484,0.130777,0.841189,0.0233446,0.0236275,0.817838,0.558515,0.334635,0.410062,0.3343,0.385853,0.250671,0.900421,0.323591,0.0937272,0.460973,0.156711,0.396887,0.158373,0.0986864,0.558603,0.423784,1.00507,1.45292,0.486468,0.649351,0.908106,0.916879,0.376782,0,0.249011,
0.070939,0.541985,0.0669143,0.831989,0.61233,0.516827,0.626492,1.4264,0.133665,0.297204,0.0182382,0.840263,0.368676,0.0462169,0.421588,0.0526221,0.872521,0.249454,0.667585,0.36088,0.773652,0.869217,0.377752,0.24666,0.64753,0.372502,1.0151,0.107604,0.779061,0.262139,0.107868,0.612121,0.893009,0.740213,0.0070052,0.432257,0.795652,0.404958,0.569133,0.756652,0.770947,0.243438,0.825824,0.384529,0.255794,0.0326996,0.538293,0.152788,0.564219,0.0613107,0.069071,0.29123,0.00652344,0.0568355,0.478384,0.213381,0.0396435,1.05904,0.0701591,0.386687,1.04997,0.0501899,0.616683,0.518248,0.401226,0.0308089,0.781038,0.0704468,0.890063,0.463617,0.162078,0.64794,0.194169,0.389192,1.11388,0.869155,0.380013,0.219965,0.374077,0.531109,0.0192731,1.22793,0.270599,0.434023,0.421048,0.50997,0.172098,0.594289,0.315781,0.835548,0.0346252,1.12668,0.695155,0.599602,0.446812,0.893667,0.66323,0.39454,0.249011,0,
